2016-05-13 20:59:45,UP
2016-05-13 21:00:15,DOWN
2016-05-13 21:01:15,UP
2016-05-13 21:06:45,UP
2016-05-13 21:08:30,UP
2016-05-13 21:08:45,UP
2016-05-13 21:12:15,UP
2016-05-13 21:14:00,UP
2016-05-13 21:21:45,DOWN
2016-05-13 21:31:30,DOWN
2016-05-13 21:32:15,DOWN
2016-05-13 21:33:00,DOWN
2016-05-13 21:33:15,UP
2016-05-13 21:33:30,DOWN
2016-05-13 21:33:45,DOWN
2016-05-13 21:38:30,UP
2016-05-13 21:44:45,DOWN
2016-05-13 21:45:00,UP
2016-05-13 21:45:15,UP
2016-05-13 21:45:45,DOWN
2016-05-13 21:46:00,DOWN
2016-05-13 21:48:45,UP
2016-05-13 21:49:15,DOWN
2016-05-13 21:51:15,DOWN
2016-05-13 21:53:30,UP
2016-05-13 21:54:00,DOWN
2016-05-13 21:55:00,UP
2016-05-13 22:09:15,UP
2016-05-13 22:10:00,DOWN
2016-05-13 22:11:45,UP
2016-05-13 22:13:15,UP
2016-05-16 16:49:22,UP
2016-05-16 16:49:37,DOWN
2016-05-16 16:51:22,UP
2016-05-16 16:53:22,DOWN
2016-05-16 16:53:52,UP
2016-05-16 16:54:22,DOWN
2016-05-16 16:54:37,UP
2016-05-16 16:55:52,DOWN
2016-05-16 17:28:07,DOWN
2016-05-16 17:28:22,DOWN
2016-05-16 17:39:37,DOWN
2016-05-16 17:57:22,UP
2016-05-16 17:57:52,DOWN
2016-05-16 18:16:22,UP
2016-05-16 18:18:37,DOWN
2016-05-16 18:49:52,UP
2016-05-16 18:50:07,DOWN
2016-05-16 18:58:07,DOWN
2016-05-16 19:13:07,UP
2016-05-16 19:17:37,DOWN
2016-05-16 19:26:52,UP
2016-05-16 19:37:52,UP
2016-05-16 19:38:07,DOWN
2016-05-16 19:52:22,UP
2016-05-16 19:52:37,DOWN
2016-05-16 19:59:37,UP
2016-05-16 19:59:52,UP
2016-05-16 20:01:52,DOWN
2016-05-16 20:02:07,DOWN
2016-05-16 20:02:22,UP
2016-05-16 20:03:37,DOWN
2016-05-16 20:05:22,UP
2016-05-16 20:05:37,DOWN
2016-05-16 20:07:52,DOWN
2016-05-16 20:14:07,DOWN
2016-05-16 20:16:07,DOWN
2016-05-16 20:16:37,UP
2016-05-16 20:38:07,UP
2016-05-16 20:38:22,DOWN
2016-05-16 20:38:37,DOWN
2016-05-16 20:39:47,UP
2016-05-17 16:22:05,DOWN
2016-05-17 16:23:50,DOWN
2016-05-17 16:27:05,DOWN
2016-05-17 16:27:20,UP
2016-05-17 16:38:50,UP
2016-05-17 16:54:05,UP
2016-05-17 16:55:50,DOWN
2016-05-17 17:07:35,UP
2016-05-17 17:12:35,UP
2016-05-17 17:14:05,UP
2016-05-17 17:16:35,UP
2016-05-17 17:18:35,UP
2016-05-17 17:19:05,DOWN
2016-05-17 17:20:35,UP
2016-05-17 17:21:35,UP
2016-05-17 17:23:20,DOWN
2016-05-17 17:38:20,UP
2016-05-17 17:42:20,DOWN
2016-05-17 17:43:35,DOWN
2016-05-17 17:58:35,UP
2016-05-17 17:58:50,DOWN
2016-05-17 18:01:35,UP
2016-05-17 18:01:50,UP
2016-05-17 18:02:20,DOWN
2016-05-17 18:02:35,DOWN
2016-05-17 18:17:35,DOWN
2016-05-17 18:38:50,UP
2016-05-17 18:44:50,DOWN
2016-05-17 18:46:50,DOWN
2016-05-17 18:59:20,DOWN
2016-05-17 18:59:35,UP
2016-05-17 20:13:20,DOWN
2016-05-17 20:19:50,UP
2016-05-17 20:34:20,DOWN
2016-05-17 20:40:05,UP
2016-05-17 20:40:20,DOWN
2016-05-17 20:52:50,DOWN
2016-05-17 21:06:50,UP
2016-05-17 21:07:20,DOWN
2016-05-17 21:20:05,UP
2016-05-17 21:25:50,UP
2016-05-17 21:51:50,UP
2016-05-17 21:52:35,DOWN
2016-05-17 22:07:35,UP
2016-05-17 22:08:20,DOWN
2016-05-17 22:08:35,UP
2016-05-17 22:09:20,DOWN
2016-05-17 22:12:20,DOWN
2016-05-17 22:14:20,DOWN
2016-05-17 22:15:05,UP
2016-05-17 22:16:20,UP
2016-05-17 22:17:05,DOWN
2016-05-17 22:46:05,UP
2016-05-18 16:28:26,UP
2016-05-18 16:35:56,DOWN
2016-05-18 16:51:11,DOWN
2016-05-18 17:06:11,UP
2016-05-18 17:06:26,DOWN
2016-05-18 17:29:41,UP
2016-05-18 17:29:56,DOWN
2016-05-18 17:46:41,UP
2016-05-18 17:47:11,DOWN
2016-05-18 17:49:56,DOWN
2016-05-18 17:50:56,UP
2016-05-18 18:05:26,UP
2016-05-18 18:22:11,DOWN
2016-05-18 18:35:26,UP
2016-05-18 21:13:45,UP
2016-05-18 21:21:15,DOWN
2016-05-18 21:21:30,DOWN
2016-05-18 21:21:45,DOWN
2016-05-18 21:23:00,UP
2016-05-18 21:50:15,DOWN
2016-05-18 21:50:45,DOWN
2016-05-18 21:58:00,UP
2016-05-18 21:58:15,DOWN
2016-05-18 21:59:00,DOWN
2016-05-18 22:04:30,DOWN
2016-05-18 22:06:00,UP
2016-05-18 22:07:45,DOWN
2016-05-18 22:08:30,DOWN
2016-05-18 22:10:45,UP
2016-05-18 22:14:30,UP
2016-05-18 22:15:30,UP
2016-05-18 22:17:15,DOWN
2016-05-18 22:22:45,UP
2016-05-19 15:52:01,DOWN
2016-05-19 15:56:01,DOWN
2016-05-19 15:56:31,UP
2016-05-19 15:56:46,UP
2016-05-19 15:57:01,DOWN
2016-05-19 15:58:46,UP
2016-05-19 16:00:31,DOWN
2016-05-19 16:00:46,UP
2016-05-19 16:01:01,UP
2016-05-19 16:01:16,DOWN
2016-05-19 16:01:46,UP
2016-05-19 16:02:16,UP
2016-05-19 16:02:46,DOWN
2016-05-19 16:03:16,UP
2016-05-19 16:03:31,DOWN
2016-05-19 16:07:01,DOWN
2016-05-19 16:28:16,DOWN
2016-05-19 16:29:31,UP
2016-05-19 16:42:01,UP
2016-05-19 16:44:16,UP
2016-05-19 16:45:16,UP
2016-05-19 16:49:16,DOWN
2016-05-19 17:01:16,DOWN
2016-05-19 17:01:31,UP
2016-05-19 17:02:46,UP
2016-05-19 17:18:16,DOWN
2016-05-19 17:36:16,UP
2016-05-19 17:52:46,DOWN
2016-05-19 17:55:31,DOWN
2016-05-19 18:07:16,UP
2016-05-19 18:14:16,DOWN
2016-05-19 18:17:16,UP
2016-05-19 18:33:31,UP
2016-05-19 18:35:31,DOWN
2016-05-19 18:50:46,DOWN
2016-05-19 19:06:01,UP
2016-05-19 19:07:01,DOWN
2016-05-19 19:42:46,UP
2016-05-19 19:45:31,DOWN
2016-05-19 20:16:16,UP
2016-05-19 20:18:31,DOWN
2016-05-19 20:18:46,UP
2016-05-19 21:09:31,DOWN
2016-05-19 21:12:01,UP
2016-05-19 21:27:01,UP
2016-05-19 21:35:46,DOWN
2016-05-19 21:45:01,UP
2016-05-19 22:10:01,UP
2016-05-19 22:10:31,DOWN
2016-05-19 22:13:16,DOWN
2016-05-19 22:14:01,UP
2016-05-19 22:32:16,UP
2016-05-20 18:54:24,UP
2016-05-20 18:54:54,DOWN
2016-05-20 20:29:24,DOWN
2016-05-20 20:30:09,UP
2016-05-20 20:31:54,DOWN
2016-05-20 20:36:54,DOWN
2016-05-20 20:37:39,UP
2016-05-20 21:34:24,DOWN
2016-05-20 21:34:54,UP
2016-05-20 21:35:09,DOWN
2016-05-20 21:35:24,UP
2016-05-20 21:37:24,DOWN
2016-05-20 21:38:09,DOWN
2016-05-20 21:38:54,DOWN
2016-05-20 21:39:09,UP
2016-05-20 21:39:24,UP
2016-05-20 21:39:39,DOWN
2016-05-20 21:40:09,DOWN
2016-05-20 21:40:24,UP
2016-05-20 21:42:09,DOWN
2016-05-20 21:42:54,DOWN
2016-05-20 21:43:09,UP
2016-05-20 21:43:24,UP
2016-05-20 21:43:39,DOWN
2016-05-20 21:45:24,DOWN
2016-05-20 21:46:09,DOWN
2016-05-20 21:46:39,DOWN
2016-05-20 21:47:24,UP
2016-05-20 21:49:09,UP
2016-05-20 21:54:54,DOWN
2016-05-20 22:00:54,DOWN
2016-05-20 22:01:24,DOWN
2016-05-20 22:01:39,UP
2016-05-20 22:02:09,DOWN
2016-05-20 22:06:09,DOWN
2016-05-20 22:07:54,UP
2016-05-20 22:08:24,DOWN
2016-05-20 22:08:39,UP
2016-05-20 22:14:54,UP
2016-05-20 23:45:09,UP
2016-05-23 17:08:59,DOWN
2016-05-23 17:13:29,DOWN
2016-05-23 17:35:29,UP
2016-05-23 17:39:29,UP
2016-05-23 17:40:59,UP
2016-05-23 17:41:59,UP
2016-05-23 17:42:29,DOWN
2016-05-23 17:50:14,DOWN
2016-05-23 17:51:59,DOWN
2016-05-23 18:08:44,DOWN
2016-05-23 18:27:59,DOWN
2016-05-23 18:30:29,DOWN
2016-05-23 18:30:44,UP
2016-05-23 18:43:59,DOWN
2016-05-23 18:52:44,UP
2016-05-23 18:52:59,UP
2016-05-23 18:53:14,DOWN
2016-05-23 18:53:29,UP
2016-05-23 18:55:14,UP
2016-05-23 18:55:29,DOWN
2016-05-23 18:55:44,UP
2016-05-23 18:57:14,DOWN
2016-05-23 19:26:44,DOWN
2016-05-23 19:52:59,UP
2016-05-23 20:09:44,UP
2016-05-23 20:13:29,DOWN
2016-05-23 20:15:29,UP
2016-05-23 20:16:29,DOWN
2016-05-23 20:18:29,UP
2016-05-23 20:19:29,DOWN
2016-05-23 20:20:14,UP
2016-05-23 20:24:59,DOWN
2016-05-23 20:25:14,UP
2016-05-23 20:25:29,DOWN
2016-05-23 20:49:14,DOWN
2016-05-23 20:51:59,UP
2016-05-23 21:10:44,DOWN
2016-05-23 21:10:59,DOWN
2016-05-23 21:14:14,DOWN
2016-05-23 21:14:29,UP
2016-05-23 21:16:59,UP
2016-05-23 21:46:29,UP
2016-05-23 21:51:44,DOWN
2016-05-23 21:53:59,DOWN
2016-05-23 21:54:14,UP
2016-05-23 21:54:29,DOWN
2016-05-23 21:56:14,UP
2016-05-23 21:56:29,DOWN
2016-05-23 22:02:14,DOWN
2016-05-23 22:03:59,UP
2016-05-23 22:04:44,DOWN
2016-05-23 22:07:29,UP
2016-05-23 22:08:14,DOWN
2016-05-23 22:09:14,UP
2016-05-23 22:11:59,UP
2016-05-23 22:17:14,UP
2016-05-26 16:00:57,UP
2016-05-26 16:01:27,UP
2016-05-26 16:01:42,DOWN
2016-05-26 16:01:57,UP
2016-05-26 16:02:12,DOWN
2016-05-26 16:02:27,UP
2016-05-26 16:02:57,UP
2016-05-26 16:03:57,UP
2016-05-26 16:05:12,DOWN
2016-05-26 16:05:27,UP
2016-05-26 16:05:57,UP
2016-05-26 16:06:27,DOWN
2016-05-26 16:06:42,UP
2016-05-26 16:06:57,UP
2016-05-26 16:07:12,DOWN
2016-05-26 16:07:42,UP
2016-05-26 16:08:12,DOWN
2016-05-26 16:08:42,DOWN
2016-05-26 16:09:12,UP
2016-05-26 16:09:42,DOWN
2016-05-26 16:09:57,UP
2016-05-26 16:10:27,UP
2016-05-26 16:10:42,DOWN
2016-05-26 16:10:57,UP
2016-05-26 16:11:12,DOWN
2016-05-26 16:11:42,UP
2016-05-26 16:11:57,DOWN
2016-05-26 16:12:12,UP
2016-05-26 16:12:42,DOWN
2016-05-26 16:12:57,DOWN
2016-05-26 16:13:12,UP
2016-05-26 16:13:42,DOWN
2016-05-26 16:16:12,UP
2016-05-26 16:18:57,DOWN
2016-05-26 16:19:12,UP
2016-05-26 16:19:42,DOWN
2016-05-26 16:20:42,UP
2016-05-26 16:20:57,DOWN
2016-05-26 16:25:12,DOWN
2016-05-26 16:25:27,UP
2016-05-26 16:31:57,DOWN
2016-05-26 16:43:42,DOWN
2016-05-26 16:50:57,DOWN
2016-05-26 17:15:57,DOWN
2016-05-26 17:20:57,UP
2016-05-26 17:26:12,UP
2016-05-26 17:26:42,DOWN
2016-05-26 17:27:42,UP
2016-05-26 17:28:12,DOWN
2016-05-26 17:28:42,UP
2016-05-26 17:30:12,DOWN
2016-05-26 17:32:27,UP
2016-05-26 17:33:12,DOWN
2016-05-26 17:36:42,DOWN
2016-05-26 17:37:42,UP
2016-05-26 17:46:12,DOWN
2016-05-26 17:46:27,UP
2016-05-26 17:48:42,DOWN
2016-05-26 17:48:57,UP
2016-05-26 17:49:12,UP
2016-05-26 17:50:42,DOWN
2016-05-26 18:05:42,UP
2016-05-26 18:05:57,DOWN
2016-05-26 18:12:27,UP
2016-05-26 18:13:12,DOWN
2016-05-26 18:27:42,UP
2016-05-26 18:27:57,UP
2016-05-26 18:42:12,UP
2016-05-26 18:45:42,DOWN
2016-05-26 18:45:57,UP
2016-05-26 18:57:57,DOWN
2016-05-26 18:58:12,UP
2016-05-26 19:01:12,DOWN
2016-05-26 19:01:27,UP
2016-05-26 19:11:42,DOWN
2016-05-26 19:15:42,UP
2016-05-26 19:25:42,DOWN
2016-05-26 19:25:57,UP
2016-05-26 19:29:27,DOWN
2016-05-26 19:29:42,UP
2016-05-26 20:10:27,DOWN
2016-05-26 20:10:42,UP
2016-05-26 20:12:42,DOWN
2016-05-26 20:12:57,UP
2016-05-26 20:16:12,DOWN
2016-05-26 20:16:27,UP
2016-05-26 20:22:27,DOWN
2016-05-26 20:23:27,UP
2016-05-26 20:37:57,DOWN
2016-05-26 20:39:12,UP
2016-05-26 20:44:42,DOWN
2016-05-26 20:51:27,UP
2016-05-26 20:52:27,DOWN
2016-05-26 20:52:42,UP
2016-05-26 20:53:27,DOWN
2016-05-26 20:55:27,UP
2016-05-26 20:55:42,DOWN
2016-05-26 20:56:12,UP
2016-05-26 20:56:27,DOWN
2016-05-26 20:58:12,UP
2016-05-26 20:59:57,DOWN
2016-05-26 21:01:57,UP
2016-05-26 21:02:12,DOWN
2016-05-26 21:06:12,UP
2016-05-26 21:52:42,DOWN
2016-05-26 22:03:27,DOWN
2016-05-26 22:03:42,UP
2016-05-26 22:03:57,UP
2016-05-26 22:15:12,DOWN
2016-06-01 16:17:32,DOWN
2016-06-01 16:21:32,DOWN
2016-06-01 16:51:32,UP
2016-06-01 16:51:47,DOWN
2016-06-01 17:07:02,UP
2016-06-01 17:22:17,UP
2016-06-01 17:28:02,DOWN
2016-06-01 17:43:02,UP
2016-06-01 17:43:17,DOWN
2016-06-01 17:45:02,UP
2016-06-01 17:45:17,DOWN
2016-06-01 17:47:32,UP
2016-06-01 17:47:47,DOWN
2016-06-01 17:50:47,UP
2016-06-01 17:51:32,DOWN
2016-06-01 17:54:47,UP
2016-06-01 17:55:02,DOWN
2016-06-01 17:56:47,UP
2016-06-01 17:57:02,DOWN
2016-06-01 17:58:47,UP
2016-06-01 18:04:17,DOWN
2016-06-01 18:05:17,UP
2016-06-01 18:06:17,DOWN
2016-06-01 18:07:02,UP
2016-06-01 18:10:02,UP
2016-06-01 18:10:47,UP
2016-06-01 18:11:17,DOWN
2016-06-01 18:13:02,UP
2016-06-01 18:15:17,DOWN
2016-06-01 18:34:17,UP
2016-06-01 19:52:32,DOWN
2016-06-01 20:48:02,UP
2016-06-01 20:48:32,UP
2016-06-01 20:48:47,UP
2016-06-01 20:49:17,UP
2016-06-01 21:38:47,DOWN
2016-06-01 21:49:02,DOWN
2016-06-01 21:59:02,DOWN
2016-06-01 22:02:32,DOWN
2016-06-01 22:03:17,UP
2016-06-01 22:04:32,UP
2016-06-01 22:05:17,DOWN
2016-06-01 22:06:17,UP
2016-06-01 22:06:32,UP
2016-06-01 22:14:17,DOWN
2016-06-01 22:14:47,UP
2016-06-01 22:15:32,UP
2016-06-01 22:17:02,DOWN
2016-06-01 22:51:47,UP
2016-06-02 16:08:21,DOWN
2016-06-02 16:18:21,UP
2016-06-02 16:19:36,DOWN
2016-06-02 16:39:06,UP
2016-06-02 17:03:21,UP
2016-06-02 17:07:06,UP
2016-06-02 17:07:21,DOWN
2016-06-02 17:07:51,UP
2016-06-02 17:09:36,UP
2016-06-02 17:15:06,UP
2016-06-02 17:19:51,UP
2016-06-02 17:20:21,DOWN
2016-06-02 17:22:06,UP
2016-06-02 17:28:51,DOWN
2016-06-02 17:33:21,UP
2016-06-02 17:33:36,UP
2016-06-02 17:33:51,DOWN
2016-06-02 17:34:06,UP
2016-06-02 17:34:21,DOWN
2016-06-02 17:34:51,DOWN
2016-06-02 17:40:21,DOWN
2016-06-02 17:46:51,UP
2016-06-02 17:48:51,DOWN
2016-06-02 18:03:51,UP
2016-06-02 18:06:21,DOWN
2016-06-02 18:06:51,UP
2016-06-02 18:07:06,DOWN
2016-06-02 18:09:06,UP
2016-06-02 18:09:21,DOWN
2016-06-02 18:10:36,UP
2016-06-02 18:13:36,DOWN
2016-06-02 18:22:06,DOWN
2016-06-02 18:22:36,UP
2016-06-02 18:54:21,DOWN
2016-06-02 19:00:21,UP
2016-06-02 19:00:36,DOWN
2016-06-02 19:03:06,DOWN
2016-06-02 19:03:36,DOWN
2016-06-02 19:04:06,UP
2016-06-02 19:04:51,DOWN
2016-06-02 19:05:36,UP
2016-06-02 19:10:51,DOWN
2016-06-02 19:11:06,UP
2016-06-02 19:21:36,DOWN
2016-06-02 19:25:06,DOWN
2016-06-02 19:37:21,DOWN
2016-06-02 19:46:21,UP
2016-06-02 19:46:51,DOWN
2016-06-02 20:02:51,UP
2016-06-02 20:03:21,DOWN
2016-06-02 20:05:36,DOWN
2016-06-02 20:20:06,UP
2016-06-02 20:34:51,UP
2016-06-02 20:42:21,UP
2016-06-02 20:42:36,DOWN
2016-06-02 21:00:06,UP
2016-06-02 21:00:36,DOWN
2016-06-02 21:11:21,UP
2016-06-02 21:26:21,DOWN
2016-06-02 21:41:51,DOWN
2016-06-02 21:45:51,DOWN
2016-06-02 21:48:21,DOWN
2016-06-02 21:48:36,UP
2016-06-02 22:14:21,UP
2016-06-03 16:11:30,UP
2016-06-03 16:11:45,DOWN
2016-06-03 16:12:30,UP
2016-06-03 16:13:30,DOWN
2016-06-03 16:13:45,UP
2016-06-03 16:14:00,DOWN
2016-06-03 16:14:45,DOWN
2016-06-03 16:15:00,UP
2016-06-03 16:15:15,UP
2016-06-03 16:15:30,DOWN
2016-06-03 16:15:45,UP
2016-06-03 16:16:00,DOWN
2016-06-03 16:16:15,DOWN
2016-06-03 16:16:45,UP
2016-06-03 16:17:00,DOWN
2016-06-03 16:17:15,UP
2016-06-03 16:17:30,UP
2016-06-03 16:18:45,DOWN
2016-06-03 16:20:45,UP
2016-06-03 16:21:45,DOWN
2016-06-03 16:22:00,UP
2016-06-03 16:27:15,DOWN
2016-06-03 16:27:30,UP
2016-06-03 16:29:15,DOWN
2016-06-03 16:38:45,UP
2016-06-03 16:39:45,DOWN
2016-06-03 16:41:45,DOWN
2016-06-03 16:42:00,DOWN
2016-06-03 16:44:00,UP
2016-06-03 16:45:00,DOWN
2016-06-03 16:47:15,UP
2016-06-03 16:47:45,UP
2016-06-03 16:49:00,UP
2016-06-03 16:49:15,UP
2016-06-03 16:49:45,DOWN
2016-06-03 16:50:00,UP
2016-06-03 16:50:30,DOWN
2016-06-03 16:51:15,DOWN
2016-06-03 16:51:30,UP
2016-06-03 16:51:45,DOWN
2016-06-03 16:52:00,UP
2016-06-03 16:53:15,UP
2016-06-03 16:53:30,DOWN
2016-06-03 16:55:30,DOWN
2016-06-03 16:57:15,UP
2016-06-03 16:58:00,DOWN
2016-06-03 16:58:15,UP
2016-06-03 16:59:45,DOWN
2016-06-03 17:00:15,UP
2016-06-03 17:00:45,DOWN
2016-06-03 17:01:15,UP
2016-06-03 17:01:30,DOWN
2016-06-03 17:02:00,UP
2016-06-03 17:02:15,DOWN
2016-06-03 17:03:00,UP
2016-06-03 17:04:30,DOWN
2016-06-03 17:04:45,UP
2016-06-03 17:06:15,DOWN
2016-06-03 17:06:45,UP
2016-06-03 17:07:00,DOWN
2016-06-03 17:07:30,UP
2016-06-03 17:09:30,DOWN
2016-06-03 17:10:15,DOWN
2016-06-03 17:10:45,UP
2016-06-03 17:11:30,UP
2016-06-03 17:12:15,UP
2016-06-03 17:12:30,DOWN
2016-06-03 17:13:15,UP
2016-06-03 17:17:00,DOWN
2016-06-03 17:17:15,UP
2016-06-03 17:17:45,UP
2016-06-03 17:18:15,DOWN
2016-06-03 17:19:00,UP
2016-06-03 17:19:45,DOWN
2016-06-03 17:20:00,UP
2016-06-03 17:20:15,DOWN
2016-06-03 17:20:30,DOWN
2016-06-03 17:21:15,DOWN
2016-06-03 17:36:15,UP
2016-06-03 17:46:30,DOWN
2016-06-03 18:01:45,UP
2016-06-03 18:02:00,DOWN
2016-06-03 18:05:30,DOWN
2016-06-03 18:15:15,UP
2016-06-03 18:30:15,UP
2016-06-03 18:30:30,DOWN
2016-06-03 18:45:45,UP
2016-06-03 18:53:45,DOWN
2016-06-03 18:55:45,DOWN
2016-06-03 19:08:45,UP
2016-06-03 19:09:00,DOWN
2016-06-03 19:22:30,UP
2016-06-03 19:23:15,DOWN
2016-06-03 22:13:01,DOWN
2016-06-03 22:15:16,UP
2016-06-03 22:17:16,DOWN
2016-06-07 16:10:45,UP
2016-06-07 16:11:00,UP
2016-06-07 16:11:15,DOWN
2016-06-07 16:17:45,UP
2016-06-07 16:20:45,DOWN
2016-06-07 16:53:15,UP
2016-06-07 16:56:15,UP
2016-06-07 16:56:30,UP
2016-06-07 16:56:45,DOWN
2016-06-07 16:57:00,UP
2016-06-07 16:58:45,UP
2016-06-07 17:02:30,DOWN
2016-06-07 17:12:00,UP
2016-06-07 17:15:00,UP
2016-06-07 17:15:15,DOWN
2016-06-07 18:06:00,UP
2016-06-07 18:06:30,UP
2016-06-07 18:11:45,DOWN
2016-06-07 18:13:15,UP
2016-06-07 19:24:00,DOWN
2016-06-07 19:24:15,UP
2016-06-07 19:33:45,DOWN
2016-06-07 20:31:45,DOWN
2016-06-07 20:59:00,DOWN
2016-06-07 21:04:30,DOWN
2016-06-07 21:27:30,DOWN
2016-06-07 21:55:30,DOWN
2016-06-07 22:00:45,DOWN
2016-06-07 22:01:00,DOWN
2016-06-07 22:01:30,UP
2016-06-07 22:09:00,DOWN
2016-06-07 22:13:30,UP
2016-06-07 22:14:45,DOWN
2016-06-07 22:15:15,UP
2016-06-07 22:17:15,DOWN
2016-06-07 22:33:45,UP
2016-06-08 16:01:15,UP
2016-06-08 16:04:30,UP
2016-06-08 16:07:45,DOWN
2016-06-08 16:08:00,UP
2016-06-08 16:17:15,DOWN
2016-06-08 16:28:30,UP
2016-06-08 16:28:45,DOWN
2016-06-08 16:40:00,UP
2016-06-08 16:48:30,DOWN
2016-06-08 17:00:00,UP
2016-06-08 17:02:00,DOWN
2016-06-08 17:28:00,UP
2016-06-08 17:37:00,DOWN
2016-06-08 17:41:15,DOWN
2016-06-08 17:41:45,DOWN
2016-06-08 17:42:00,UP
2016-06-08 18:05:00,DOWN
2016-06-08 18:32:00,DOWN
2016-06-08 18:45:00,UP
2016-06-08 19:13:15,DOWN
2016-06-08 19:14:45,UP
2016-06-08 19:17:45,DOWN
2016-06-08 19:19:15,DOWN
2016-06-08 19:26:45,DOWN
2016-06-08 19:31:45,DOWN
2016-06-08 19:54:30,UP
2016-06-08 19:56:15,UP
2016-06-08 20:21:45,DOWN
2016-06-08 20:22:45,DOWN
2016-06-08 20:23:00,DOWN
2016-06-08 20:38:00,UP
2016-06-08 20:49:00,UP
2016-06-08 20:58:00,UP
2016-06-08 21:21:15,DOWN
2016-06-08 21:26:15,UP
2016-06-08 21:27:15,DOWN
2016-06-08 21:36:45,DOWN
2016-06-08 21:42:15,DOWN
2016-06-08 21:49:15,UP
2016-06-08 21:49:30,UP
2016-06-08 22:07:45,DOWN
2016-06-08 22:09:30,UP
2016-06-08 22:13:00,DOWN
2016-06-08 22:14:45,UP
2016-06-08 22:15:15,UP
2016-06-08 22:15:30,UP
2016-06-08 22:17:15,DOWN
2016-06-08 22:23:00,UP
2016-06-08 23:15:30,UP
2016-06-10 16:00:15,DOWN
2016-06-10 16:00:30,UP
2016-06-10 16:01:30,DOWN
2016-06-10 16:01:45,DOWN
2016-06-10 16:02:00,UP
2016-06-10 16:02:30,DOWN
2016-06-10 16:02:45,UP
2016-06-10 16:05:45,DOWN
2016-06-10 16:06:00,UP
2016-06-10 16:06:30,UP
2016-06-10 16:07:15,DOWN
2016-06-10 16:07:30,UP
2016-06-10 16:09:15,DOWN
2016-06-10 16:10:00,UP
2016-06-10 16:10:15,DOWN
2016-06-10 16:10:30,UP
2016-06-10 16:11:30,DOWN
2016-06-10 16:11:45,UP
2016-06-10 16:13:00,DOWN
2016-06-10 16:13:15,UP
2016-06-10 16:14:15,DOWN
2016-06-10 16:15:45,DOWN
2016-06-10 16:17:15,UP
2016-06-10 16:17:30,DOWN
2016-06-10 16:17:45,UP
2016-06-10 16:19:30,DOWN
2016-06-10 16:19:45,UP
2016-06-10 16:20:30,DOWN
2016-06-10 16:20:45,UP
2016-06-10 16:21:00,DOWN
2016-06-10 16:21:15,UP
2016-06-10 16:21:45,DOWN
2016-06-10 16:22:00,UP
2016-06-10 16:23:00,DOWN
2016-06-10 16:24:15,DOWN
2016-06-10 16:24:30,UP
2016-06-10 16:24:45,DOWN
2016-06-10 16:25:00,UP
2016-06-10 16:25:15,DOWN
2016-06-10 16:25:30,DOWN
2016-06-10 16:25:45,UP
2016-06-10 16:26:15,UP
2016-06-10 16:26:30,DOWN
2016-06-10 16:27:00,UP
2016-06-10 16:27:15,DOWN
2016-06-10 16:27:30,UP
2016-06-10 16:28:00,DOWN
2016-06-10 16:29:45,UP
2016-06-10 16:30:00,DOWN
2016-06-10 16:30:15,UP
2016-06-10 16:30:45,DOWN
2016-06-10 16:47:30,DOWN
2016-06-10 18:28:45,DOWN
2016-06-10 18:52:00,UP
2016-06-10 19:38:30,DOWN
2016-06-10 21:22:45,DOWN
2016-06-10 21:29:00,UP
2016-06-10 21:30:00,DOWN
2016-06-10 21:46:45,UP
2016-06-10 21:47:00,DOWN
2016-06-10 21:58:45,DOWN
2016-06-10 22:14:30,UP
2016-06-10 22:15:00,DOWN
2016-06-10 22:17:15,UP
2016-06-13 16:15:30,DOWN
2016-06-13 18:26:30,DOWN
2016-06-13 19:35:00,DOWN
2016-06-13 19:37:45,UP
2016-06-13 20:36:45,DOWN
2016-06-13 20:38:45,UP
2016-06-13 20:48:00,DOWN
2016-06-13 21:10:15,DOWN
2016-06-13 22:12:00,DOWN
2016-06-13 22:13:30,DOWN
2016-06-13 22:14:45,UP
2016-06-13 22:15:15,UP
2016-06-13 22:17:15,DOWN
2016-06-14 16:02:30,DOWN
2016-06-14 16:02:45,UP
2016-06-14 16:09:00,DOWN
2016-06-14 16:46:15,DOWN
2016-06-14 16:58:15,DOWN
2016-06-14 17:00:30,DOWN
2016-06-14 17:01:30,UP
2016-06-14 17:08:00,DOWN
2016-06-14 17:16:15,DOWN
2016-06-14 17:23:30,UP
2016-06-14 17:52:30,DOWN
2016-06-14 17:53:15,UP
2016-06-14 18:25:15,DOWN
2016-06-14 18:27:00,UP
2016-06-14 18:35:15,DOWN
2016-06-14 18:37:15,UP
2016-06-14 18:46:15,UP
2016-06-14 18:47:15,DOWN
2016-06-14 18:50:15,UP
2016-06-14 18:51:15,UP
2016-06-14 18:52:30,DOWN
2016-06-14 18:53:15,UP
2016-06-14 18:54:30,DOWN
2016-06-14 18:54:45,UP
2016-06-14 18:56:30,DOWN
2016-06-14 18:57:15,UP
2016-06-14 18:58:30,DOWN
2016-06-14 18:59:15,UP
2016-06-14 19:00:30,DOWN
2016-06-14 19:01:15,UP
2016-06-14 19:02:30,DOWN
2016-06-14 19:02:45,UP
2016-06-14 19:07:30,DOWN
2016-06-14 19:11:30,DOWN
2016-06-14 19:12:30,UP
2016-06-14 19:45:15,UP
2016-06-14 19:46:30,DOWN
2016-06-14 19:47:15,UP
2016-06-14 20:57:15,DOWN
2016-06-14 21:01:30,UP
2016-06-14 21:03:30,DOWN
2016-06-14 21:10:30,UP
2016-06-14 22:01:00,UP
2016-06-14 22:01:15,DOWN
2016-06-14 22:02:15,DOWN
2016-06-14 22:11:30,UP
2016-06-14 22:14:30,DOWN
2016-06-14 22:14:45,UP
2016-06-15 16:00:01,UP
2016-06-15 16:13:45,UP
2016-06-15 16:14:00,DOWN
2016-06-15 16:20:15,DOWN
2016-06-15 16:40:00,UP
2016-06-15 16:43:15,UP
2016-06-15 19:05:00,UP
2016-06-15 19:05:15,UP
2016-06-15 19:07:00,DOWN
2016-06-15 19:12:45,UP
2016-06-15 19:13:00,DOWN
2016-06-15 19:14:45,UP
2016-06-15 19:15:15,DOWN
2016-06-15 19:16:00,UP
2016-06-15 19:20:15,UP
2016-06-15 19:21:15,DOWN
2016-06-15 19:28:15,UP
2016-06-15 19:28:30,DOWN
2016-06-15 19:29:45,UP
2016-06-15 19:30:00,DOWN
2016-06-15 19:46:00,UP
2016-06-15 20:13:00,UP
2016-06-15 20:13:15,UP
2016-06-15 20:15:00,DOWN
2016-06-15 20:15:15,UP
2016-06-15 20:15:30,UP
2016-06-15 20:16:30,UP
2016-06-15 20:17:45,DOWN
2016-06-15 20:19:30,DOWN
2016-06-15 20:19:45,UP
2016-06-15 20:21:00,UP
2016-06-15 20:21:15,DOWN
2016-06-15 20:28:00,DOWN
2016-06-15 20:34:00,DOWN
2016-06-15 20:36:30,DOWN
2016-06-15 20:40:30,DOWN
2016-06-15 20:53:00,DOWN
2016-06-15 21:04:00,DOWN
2016-06-15 21:04:15,DOWN
2016-06-15 21:06:15,DOWN
2016-06-15 21:06:30,UP
2016-06-15 21:07:00,UP
2016-06-15 21:07:15,DOWN
2016-06-15 21:07:30,UP
2016-06-15 21:17:30,UP
2016-06-15 21:47:30,DOWN
2016-06-15 22:07:45,DOWN
2016-06-15 22:09:45,UP
2016-06-15 22:12:00,DOWN
2016-06-15 22:14:00,UP
2016-06-15 22:15:00,UP
2016-06-15 22:16:15,UP
2016-06-15 22:17:15,DOWN
2016-06-17 16:04:02,DOWN
2016-06-17 16:04:47,UP
2016-06-17 16:45:17,DOWN
2016-06-17 16:51:32,UP
2016-06-17 17:29:47,DOWN
2016-06-17 17:32:02,UP
2016-06-17 18:11:47,DOWN
2016-06-17 18:27:02,UP
2016-06-17 18:28:47,DOWN
2016-06-17 20:02:17,DOWN
2016-06-17 21:20:02,UP
2016-06-17 22:15:47,UP
2016-06-17 22:17:17,DOWN
2016-06-20 16:12:01,DOWN
2016-06-20 16:16:46,DOWN
2016-06-20 16:21:31,UP
2016-06-20 16:26:46,UP
2016-06-20 16:27:16,DOWN
2016-06-20 16:41:46,UP
2016-06-20 16:44:46,DOWN
2016-06-20 16:59:01,DOWN
2016-06-20 17:11:31,UP
2016-06-20 17:32:46,DOWN
2016-06-20 17:41:46,UP
2016-06-20 19:22:01,DOWN
2016-06-20 19:36:01,UP
2016-06-20 19:36:31,DOWN
2016-06-20 19:36:46,UP
2016-06-20 19:37:16,DOWN
2016-06-20 19:38:16,UP
2016-06-20 20:34:46,DOWN
2016-06-20 20:36:01,UP
2016-06-20 22:14:01,DOWN
2016-06-20 22:14:31,UP
2016-06-20 22:14:46,DOWN
2016-06-20 22:19:01,UP
2016-06-22 16:20:46,UP
2016-06-22 17:41:01,DOWN
2016-06-22 17:45:16,DOWN
2016-06-22 17:52:16,DOWN
2016-06-22 17:52:31,UP
2016-06-22 17:56:01,DOWN
2016-06-22 18:16:16,UP
2016-06-22 18:17:16,UP
2016-06-22 18:17:31,DOWN
2016-06-22 18:17:46,DOWN
2016-06-22 18:21:16,DOWN
2016-06-22 18:30:16,UP
2016-06-22 18:32:31,UP
2016-06-22 18:36:16,DOWN
2016-06-22 18:39:46,UP
2016-06-22 18:40:31,UP
2016-06-22 18:42:31,UP
2016-06-22 18:45:31,DOWN
2016-06-22 18:57:01,UP
2016-06-22 18:57:16,DOWN
2016-06-22 19:11:01,UP
2016-06-22 19:20:01,DOWN
2016-06-22 19:26:46,UP
2016-06-22 20:36:16,DOWN
2016-06-22 21:31:16,UP
2016-06-22 21:31:46,DOWN
2016-06-22 21:40:16,UP
2016-06-22 21:57:16,UP
2016-06-22 21:57:31,UP
2016-06-22 21:57:46,DOWN
2016-06-22 22:13:46,DOWN
2016-06-22 22:15:16,DOWN
2016-06-22 22:17:16,UP
2016-06-22 22:20:01,UP
2016-06-27 16:00:17,DOWN
2016-06-27 16:07:16,UP
2016-06-27 16:07:31,DOWN
2016-06-27 16:07:46,UP
2016-06-27 16:08:16,DOWN
2016-06-27 16:09:01,UP
2016-06-27 16:15:46,DOWN
2016-06-27 16:19:31,UP
2016-06-27 16:23:31,DOWN
2016-06-27 16:23:46,DOWN
2016-06-27 16:26:46,DOWN
2016-06-27 16:27:46,UP
2016-06-27 16:29:31,DOWN
2016-06-27 16:38:31,DOWN
2016-06-27 16:48:01,UP
2016-06-27 16:56:16,DOWN
2016-06-27 16:56:31,UP
2016-06-27 16:57:01,DOWN
2016-06-27 16:57:16,DOWN
2016-06-27 17:01:01,DOWN
2016-06-27 17:03:16,DOWN
2016-06-27 17:03:46,DOWN
2016-06-27 17:16:16,UP
2016-06-27 17:16:31,UP
2016-06-27 17:16:46,DOWN
2016-06-27 17:17:31,UP
2016-06-27 17:17:46,UP
2016-06-27 17:18:01,DOWN
2016-06-27 17:18:16,UP
2016-06-27 17:19:01,DOWN
2016-06-27 17:19:16,UP
2016-06-27 17:19:46,UP
2016-06-27 17:20:01,DOWN
2016-06-27 17:20:16,UP
2016-06-27 17:20:31,DOWN
2016-06-27 17:20:46,DOWN
2016-06-27 17:21:01,UP
2016-06-27 17:21:31,DOWN
2016-06-27 17:22:46,UP
2016-06-27 17:23:01,DOWN
2016-06-27 17:25:16,DOWN
2016-06-27 17:38:31,UP
2016-06-27 17:38:46,DOWN
2016-06-27 17:39:01,UP
2016-06-27 17:39:16,UP
2016-06-27 17:40:16,DOWN
2016-06-27 17:40:31,UP
2016-06-27 17:41:16,UP
2016-06-27 17:42:01,UP
2016-06-27 17:43:16,UP
2016-06-27 17:43:46,DOWN
2016-06-27 17:44:01,UP
2016-06-27 17:44:31,UP
2016-06-27 17:44:46,DOWN
2016-06-27 17:45:01,UP
2016-06-27 17:45:16,DOWN
2016-06-27 17:45:31,UP
2016-06-27 17:50:16,DOWN
2016-06-27 18:07:16,DOWN
2016-06-27 18:43:16,UP
2016-06-27 18:54:01,DOWN
2016-06-27 18:54:16,DOWN
2016-06-27 18:59:46,DOWN
2016-06-27 20:00:46,DOWN
2016-06-27 20:35:16,UP
2016-06-27 20:37:46,DOWN
2016-06-27 20:45:31,UP
2016-06-27 20:49:01,UP
2016-06-27 20:49:16,UP
2016-06-27 20:49:46,DOWN
2016-06-27 21:06:46,DOWN
2016-06-27 21:07:01,UP
2016-06-27 21:38:46,DOWN
2016-06-27 21:48:31,UP
2016-06-27 21:49:16,UP
2016-06-27 22:00:01,UP
2016-06-27 22:00:31,DOWN
2016-06-27 22:03:01,UP
2016-06-27 22:09:31,DOWN
2016-06-27 22:09:46,UP
2016-06-27 22:15:16,UP
2016-06-27 22:17:16,DOWN
2016-06-28 16:00:47,UP
2016-06-28 16:12:02,UP
2016-06-28 16:18:02,UP
2016-06-28 16:22:32,UP
2016-06-28 16:22:47,DOWN
2016-06-28 16:28:02,DOWN
2016-06-28 16:28:17,UP
2016-06-28 16:30:17,UP
2016-06-28 16:31:47,UP
2016-06-28 16:34:32,UP
2016-06-28 16:34:47,DOWN
2016-06-28 16:39:32,DOWN
2016-06-28 16:39:47,UP
2016-06-28 16:53:02,DOWN
2016-06-28 16:53:47,UP
2016-06-28 16:54:02,DOWN
2016-06-28 16:54:17,UP
2016-06-28 16:54:32,DOWN
2016-06-28 16:55:17,UP
2016-06-28 16:55:32,DOWN
2016-06-28 16:56:47,UP
2016-06-28 16:57:17,DOWN
2016-06-28 16:57:32,UP
2016-06-28 16:57:47,DOWN
2016-06-28 16:58:02,UP
2016-06-28 16:58:32,DOWN
2016-06-28 16:58:47,UP
2016-06-28 16:59:17,DOWN
2016-06-28 16:59:32,UP
2016-06-28 17:03:17,DOWN
2016-06-28 17:04:32,DOWN
2016-06-28 17:24:32,UP
2016-06-28 17:35:47,UP
2016-06-28 17:54:17,DOWN
2016-06-28 18:00:47,UP
2016-06-28 18:04:47,UP
2016-06-28 18:05:17,UP
2016-06-28 18:05:32,DOWN
2016-06-28 18:21:17,DOWN
2016-06-28 18:32:02,UP
2016-06-28 18:36:17,DOWN
2016-06-28 18:40:32,UP
2016-06-28 19:23:32,DOWN
2016-06-28 19:26:32,UP
2016-06-28 19:38:17,DOWN
2016-06-28 20:15:47,UP
2016-06-28 20:39:47,DOWN
2016-06-28 20:40:47,UP
2016-06-28 20:41:47,UP
2016-06-28 20:42:32,DOWN
2016-06-28 20:42:47,UP
2016-06-28 20:45:47,DOWN
2016-06-28 20:47:32,DOWN
2016-06-28 20:47:47,UP
2016-06-28 20:50:02,UP
2016-06-28 20:50:17,DOWN
2016-06-28 20:50:32,UP
2016-06-28 20:50:47,DOWN
2016-06-28 20:51:47,UP
2016-06-28 20:52:47,UP
2016-06-28 21:05:47,DOWN
2016-06-28 21:11:47,UP
2016-06-28 21:20:32,DOWN
2016-06-28 21:29:47,DOWN
2016-06-28 21:48:02,DOWN
2016-06-28 21:49:32,DOWN
2016-06-28 21:50:02,DOWN
2016-06-28 21:50:17,UP
2016-06-28 22:11:47,DOWN
2016-06-28 22:14:17,UP
2016-06-28 22:14:47,DOWN
2016-06-28 22:15:32,UP
2016-06-28 22:17:17,DOWN
2016-06-29 16:15:48,UP
2016-06-29 16:17:48,DOWN
2016-06-29 16:18:03,UP
2016-06-29 16:20:33,DOWN
2016-06-29 16:21:18,UP
2016-06-29 16:26:18,DOWN
2016-06-29 16:27:18,UP
2016-06-29 16:29:33,UP
2016-06-29 16:29:48,UP
2016-06-29 16:31:48,DOWN
2016-06-29 16:36:48,UP
2016-06-29 16:37:48,DOWN
2016-06-29 16:39:48,UP
2016-06-29 16:41:48,DOWN
2016-06-29 16:44:33,DOWN
2016-06-29 17:25:48,UP
2016-06-29 18:05:48,UP
2016-06-29 18:06:33,UP
2016-06-29 18:07:03,UP
2016-06-29 18:08:03,DOWN
2016-06-29 18:09:03,DOWN
2016-06-29 18:09:18,UP
2016-06-29 18:11:48,DOWN
2016-06-29 18:12:03,UP
2016-06-29 18:22:18,DOWN
2016-06-29 18:22:33,UP
2016-06-29 18:24:18,DOWN
2016-06-29 18:48:18,DOWN
2016-06-29 18:50:18,UP
2016-06-29 19:00:03,DOWN
2016-06-29 19:02:03,UP
2016-06-29 19:07:48,DOWN
2016-06-29 19:10:03,UP
2016-06-29 19:10:48,UP
2016-06-29 19:11:03,DOWN
2016-06-29 19:11:33,DOWN
2016-06-29 19:15:18,UP
2016-06-29 19:15:48,DOWN
2016-06-29 19:16:03,DOWN
2016-06-29 19:18:03,UP
2016-06-29 19:20:18,DOWN
2016-06-29 19:22:18,UP
2016-06-29 19:22:48,DOWN
2016-06-29 19:30:03,UP
2016-06-29 19:31:33,DOWN
2016-06-29 19:33:48,UP
2016-06-29 19:34:18,DOWN
2016-06-29 19:36:33,UP
2016-06-29 19:45:03,DOWN
2016-06-29 19:47:18,UP
2016-06-29 19:55:03,UP
2016-06-29 20:03:03,DOWN
2016-06-29 20:03:18,UP
2016-06-29 20:06:48,DOWN
2016-06-29 20:10:03,UP
2016-06-29 20:15:18,DOWN
2016-06-29 20:15:33,UP
2016-06-29 20:19:18,DOWN
2016-06-29 20:19:33,UP
2016-06-29 20:25:48,DOWN
2016-06-29 20:28:03,UP
2016-06-29 20:33:18,DOWN
2016-06-29 20:35:48,UP
2016-06-29 20:44:03,DOWN
2016-06-29 20:44:48,UP
2016-06-29 21:04:03,DOWN
2016-06-29 21:04:18,UP
2016-06-29 21:09:33,DOWN
2016-06-29 21:20:18,UP
2016-06-29 21:20:48,DOWN
2016-06-29 21:22:48,UP
2016-06-29 21:23:18,DOWN
2016-06-29 21:29:48,UP
2016-06-29 22:10:03,DOWN
2016-06-29 22:15:18,UP
2016-06-29 22:15:48,DOWN
2016-06-29 22:17:18,DOWN
2016-06-29 22:19:03,UP
2016-06-29 22:19:18,UP
2016-06-29 22:21:18,DOWN
2016-06-29 22:52:33,UP
2016-06-29 22:53:18,DOWN
2016-06-29 23:01:18,UP
2016-07-01 16:00:31,DOWN
2016-07-01 16:03:31,UP
2016-07-01 16:14:46,DOWN
2016-07-01 16:15:01,UP
2016-07-01 16:38:16,DOWN
2016-07-01 16:41:01,UP
2016-07-01 16:51:01,DOWN
2016-07-01 18:20:46,DOWN
2016-07-01 18:23:16,DOWN
2016-07-01 18:30:46,UP
2016-07-01 18:57:46,DOWN
2016-07-01 18:59:16,UP
2016-07-01 19:01:46,DOWN
2016-07-01 19:13:01,UP
2016-07-01 20:44:31,DOWN
2016-07-01 20:48:46,DOWN
2016-07-01 20:49:16,UP
2016-07-01 20:59:31,DOWN
2016-07-01 21:00:46,UP
2016-07-01 22:11:31,DOWN
2016-07-01 22:16:16,UP
2016-07-01 22:16:46,DOWN
2016-07-01 22:21:16,UP
2016-07-01 22:22:01,DOWN
2016-07-01 22:22:16,UP
2016-07-01 22:23:01,DOWN
2016-07-01 22:27:31,UP
2016-07-01 22:28:16,DOWN
2016-07-01 22:32:46,UP
2016-07-01 22:33:16,DOWN
2016-07-01 22:37:46,UP
2016-07-01 22:38:31,DOWN
2016-07-01 22:43:01,UP
2016-07-01 22:43:46,DOWN
2016-07-01 22:48:16,UP
2016-07-01 22:49:01,DOWN
2016-07-01 22:53:31,UP
2016-07-01 22:54:16,DOWN
2016-07-01 23:02:16,UP
2016-07-05 16:06:31,DOWN
2016-07-05 16:57:46,UP
2016-07-05 18:31:01,UP
2016-07-05 18:35:31,UP
2016-07-05 18:39:16,DOWN
2016-07-05 18:43:31,UP
2016-07-05 19:05:46,DOWN
2016-07-05 19:08:01,UP
2016-07-05 20:21:31,DOWN
2016-07-05 20:29:16,UP
2016-07-05 20:30:46,DOWN
2016-07-05 20:42:46,UP
2016-07-05 20:43:01,DOWN
2016-07-05 21:01:46,UP
2016-07-05 21:12:46,UP
2016-07-05 21:33:46,DOWN
2016-07-05 22:00:31,UP
2016-07-05 22:05:01,DOWN
2016-07-05 22:05:16,DOWN
2016-07-05 22:06:31,DOWN
2016-07-05 22:08:01,DOWN
2016-07-05 22:08:46,UP
2016-07-05 22:09:16,DOWN
2016-07-05 22:10:31,DOWN
2016-07-05 22:10:46,UP
2016-07-05 22:11:01,UP
2016-07-05 22:11:16,UP
2016-07-05 22:11:31,DOWN
2016-07-05 22:12:16,UP
2016-07-05 22:12:46,DOWN
2016-07-05 22:14:46,DOWN
2016-07-05 22:16:46,UP
2016-07-05 22:17:01,DOWN
2016-07-05 22:18:01,UP
2016-07-05 22:19:16,UP
2016-07-06 16:03:46,UP
2016-07-06 16:07:46,DOWN
2016-07-06 16:15:46,UP
2016-07-06 16:16:01,DOWN
2016-07-06 16:30:01,UP
2016-07-06 16:40:31,DOWN
2016-07-06 17:04:46,DOWN
2016-07-06 17:35:01,UP
2016-07-06 17:35:46,DOWN
2016-07-06 18:18:31,UP
2016-07-06 18:19:01,DOWN
2016-07-06 18:47:46,DOWN
2016-07-06 18:48:16,DOWN
2016-07-06 19:15:16,UP
2016-07-06 19:16:16,DOWN
2016-07-06 19:59:16,UP
2016-07-06 20:27:01,DOWN
2016-07-06 20:57:31,DOWN
2016-07-06 21:07:31,UP
2016-07-06 21:08:16,DOWN
2016-07-06 21:22:16,UP
2016-07-06 21:22:31,DOWN
2016-07-06 21:52:31,DOWN
2016-07-06 21:58:16,UP
2016-07-06 22:02:31,UP
2016-07-06 22:11:46,UP
2016-07-06 22:12:16,DOWN
2016-07-06 22:13:31,UP
2016-07-06 22:15:31,UP
2016-07-06 22:17:16,DOWN
2016-07-06 22:35:16,UP
2016-07-06 22:35:31,DOWN
2016-07-06 22:50:31,UP
2016-07-06 22:50:46,DOWN
2016-07-06 23:02:01,UP
2016-07-18 16:42:31,UP
2016-07-18 17:01:01,DOWN
2016-07-18 17:02:31,UP
2016-07-18 17:02:46,UP
2016-07-21 16:03:01,DOWN
2016-07-21 16:04:31,UP
2016-07-21 16:58:31,DOWN
2016-07-21 16:59:01,DOWN
2016-07-21 17:04:01,DOWN
2016-07-21 17:14:01,DOWN
2016-07-21 17:14:46,DOWN
2016-07-21 17:56:31,DOWN
2016-07-21 18:20:46,DOWN
2016-07-21 18:58:31,DOWN
2016-07-21 19:18:46,DOWN
2016-07-21 19:49:16,DOWN
2016-07-21 19:53:01,DOWN
2016-07-21 20:08:01,DOWN
2016-07-21 20:10:01,UP
2016-07-21 20:11:01,UP
2016-07-21 20:24:31,UP
2016-07-21 20:25:31,DOWN
2016-07-21 20:28:46,DOWN
2016-07-21 21:46:16,DOWN
2016-07-21 21:50:01,UP
2016-07-21 21:59:01,UP
2016-07-21 22:00:16,UP
2016-07-21 22:10:01,UP
2016-07-21 22:10:31,DOWN
2016-07-21 22:10:46,UP
2016-07-21 22:11:01,DOWN
2016-07-21 22:11:16,UP
2016-07-21 22:16:31,UP
2016-07-21 22:17:01,DOWN
2016-07-21 22:17:16,DOWN
2016-07-22 16:08:02,UP
2016-07-22 16:08:17,DOWN
2016-07-22 16:08:32,UP
2016-07-22 16:09:02,DOWN
2016-07-22 16:15:47,UP
2016-07-22 16:17:02,UP
2016-07-22 16:18:47,DOWN
2016-07-22 16:19:02,DOWN
2016-07-22 16:19:17,UP
2016-07-22 16:20:02,DOWN
2016-07-22 16:20:17,UP
2016-07-22 16:21:17,UP
2016-07-22 16:21:47,DOWN
2016-07-22 16:22:17,UP
2016-07-22 16:23:02,DOWN
2016-07-22 16:23:17,DOWN
2016-07-22 16:23:32,UP
2016-07-22 16:23:47,DOWN
2016-07-22 16:24:02,UP
2016-07-22 16:24:17,UP
2016-07-22 16:24:47,DOWN
2016-07-22 16:25:17,DOWN
2016-07-22 16:25:32,DOWN
2016-07-22 16:25:47,UP
2016-07-22 16:26:47,DOWN
2016-07-22 16:27:02,UP
2016-07-22 16:27:17,DOWN
2016-07-22 16:27:32,DOWN
2016-07-22 16:27:47,UP
2016-07-22 16:28:17,UP
2016-07-22 16:28:47,DOWN
2016-07-22 16:29:02,UP
2016-07-22 16:29:17,UP
2016-07-22 16:29:47,DOWN
2016-07-22 16:30:02,UP
2016-07-22 16:30:17,DOWN
2016-07-22 16:30:32,DOWN
2016-07-22 16:30:47,UP
2016-07-22 16:31:02,DOWN
2016-07-22 16:31:17,UP
2016-07-22 16:31:32,DOWN
2016-07-22 16:31:47,DOWN
2016-07-22 16:32:02,UP
2016-07-22 16:32:17,UP
2016-07-22 16:33:02,DOWN
2016-07-22 16:33:17,DOWN
2016-07-22 16:33:32,UP
2016-07-22 16:33:47,DOWN
2016-07-22 16:34:02,UP
2016-07-22 16:35:02,DOWN
2016-07-22 16:35:17,UP
2016-07-22 16:35:32,UP
2016-07-22 16:35:47,DOWN
2016-07-22 16:36:32,DOWN
2016-07-22 16:36:47,UP
2016-07-22 16:37:17,UP
2016-07-22 16:38:32,DOWN
2016-07-22 16:38:47,UP
2016-07-22 16:39:02,DOWN
2016-07-22 16:39:17,UP
2016-07-22 16:39:32,DOWN
2016-07-22 16:39:47,DOWN
2016-07-22 16:40:02,UP
2016-07-22 16:40:17,DOWN
2016-07-22 16:40:32,UP
2016-07-22 16:40:47,DOWN
2016-07-22 16:41:02,DOWN
2016-07-22 16:41:17,UP
2016-07-22 16:41:47,DOWN
2016-07-22 16:42:02,UP
2016-07-22 16:42:17,UP
2016-07-22 16:42:32,DOWN
2016-07-22 16:43:02,UP
2016-07-22 16:43:17,DOWN
2016-07-22 16:43:32,DOWN
2016-07-22 16:43:47,UP
2016-07-22 16:44:02,UP
2016-07-22 16:44:17,DOWN
2016-07-22 16:44:32,DOWN
2016-07-22 16:44:47,UP
2016-07-22 16:45:02,DOWN
2016-07-22 16:45:17,UP
2016-07-22 16:45:32,DOWN
2016-07-22 16:45:47,UP
2016-07-22 16:46:17,DOWN
2016-07-22 16:46:32,UP
2016-07-22 16:46:47,UP
2016-07-22 16:47:47,DOWN
2016-07-22 16:48:02,UP
2016-07-22 16:49:17,UP
2016-07-22 16:49:32,DOWN
2016-07-22 16:49:47,UP
2016-07-22 16:50:02,DOWN
2016-07-22 16:52:02,UP
2016-07-22 16:53:32,DOWN
2016-07-22 16:53:47,DOWN
2016-07-22 16:54:17,UP
2016-07-22 16:54:32,UP
2016-07-22 16:54:47,DOWN
2016-07-22 16:55:02,UP
2016-07-22 16:55:47,DOWN
2016-07-22 16:56:32,UP
2016-07-22 16:57:32,DOWN
2016-07-22 16:57:47,UP
2016-07-22 16:58:02,DOWN
2016-07-22 16:58:32,UP
2016-07-22 16:58:47,UP
2016-07-22 17:00:17,DOWN
2016-07-22 17:00:32,UP
2016-07-22 17:00:47,DOWN
2016-07-22 17:01:02,UP
2016-07-22 17:01:32,UP
2016-07-22 17:03:02,DOWN
2016-07-22 17:04:32,UP
2016-07-22 17:04:47,DOWN
2016-07-22 17:05:17,DOWN
2016-07-22 17:05:32,UP
2016-07-22 17:05:47,UP
2016-07-22 17:10:47,DOWN
2016-07-22 17:11:02,UP
2016-07-22 17:11:17,DOWN
2016-07-22 17:12:02,UP
2016-07-22 17:12:17,DOWN
2016-07-22 17:13:32,DOWN
2016-07-22 17:13:47,UP
2016-07-22 17:14:47,DOWN
2016-07-22 17:15:02,UP
2016-07-22 17:15:47,DOWN
2016-07-22 17:16:17,UP
2016-07-22 17:23:02,DOWN
2016-07-22 17:23:17,UP
2016-07-22 17:23:47,UP
2016-07-22 17:24:17,DOWN
2016-07-22 17:24:47,DOWN
2016-07-22 17:25:02,UP
2016-07-22 17:25:17,DOWN
2016-07-22 17:25:47,UP
2016-07-22 17:26:17,DOWN
2016-07-22 17:26:32,DOWN
2016-07-22 17:26:47,UP
2016-07-22 17:27:02,UP
2016-07-22 17:27:17,DOWN
2016-07-22 17:27:32,UP
2016-07-22 17:29:02,DOWN
2016-07-22 17:29:17,UP
2016-07-22 17:30:17,DOWN
2016-07-22 17:30:32,UP
2016-07-22 17:33:17,DOWN
2016-07-22 17:33:32,UP
2016-07-22 17:33:47,UP
2016-07-22 17:34:02,DOWN
2016-07-22 17:34:17,UP
2016-07-22 17:34:32,DOWN
2016-07-22 17:35:02,UP
2016-07-22 17:35:17,DOWN
2016-07-22 17:35:32,UP
2016-07-22 17:35:47,UP
2016-07-22 17:36:02,UP
2016-07-22 17:36:17,DOWN
2016-07-22 17:36:32,UP
2016-07-22 17:36:47,DOWN
2016-07-22 17:37:02,DOWN
2016-07-22 17:37:17,UP
2016-07-22 17:37:32,DOWN
2016-07-22 17:38:02,UP
2016-07-22 17:38:32,DOWN
2016-07-22 17:38:47,UP
2016-07-22 17:39:02,UP
2016-07-22 17:39:32,DOWN
2016-07-22 17:39:47,UP
2016-07-22 17:40:02,DOWN
2016-07-22 17:40:17,DOWN
2016-07-22 17:40:32,UP
2016-07-22 17:40:47,DOWN
2016-07-22 17:41:02,UP
2016-07-22 17:41:47,DOWN
2016-07-22 17:42:02,UP
2016-07-22 17:42:32,DOWN
2016-07-22 17:43:02,UP
2016-07-22 17:43:32,DOWN
2016-07-22 17:43:47,DOWN
2016-07-22 17:44:02,UP
2016-07-22 17:44:17,UP
2016-07-22 17:45:17,DOWN
2016-07-22 17:45:47,UP
2016-07-22 17:46:17,DOWN
2016-07-22 17:46:32,DOWN
2016-07-22 17:46:47,UP
2016-07-22 17:47:17,DOWN
2016-07-22 17:47:47,UP
2016-07-22 17:48:47,DOWN
2016-07-22 17:49:02,UP
2016-07-22 17:49:17,DOWN
2016-07-22 17:49:32,UP
2016-07-22 17:49:47,DOWN
2016-07-22 17:50:02,DOWN
2016-07-22 17:50:17,DOWN
2016-07-22 17:50:32,UP
2016-07-22 17:51:02,UP
2016-07-22 17:52:02,DOWN
2016-07-22 17:52:32,DOWN
2016-07-22 17:53:02,UP
2016-07-22 17:53:17,DOWN
2016-07-22 17:53:32,DOWN
2016-07-22 17:53:47,UP
2016-07-22 17:54:02,DOWN
2016-07-22 17:54:17,UP
2016-07-22 17:55:47,UP
2016-07-22 17:56:17,DOWN
2016-07-22 17:56:32,UP
2016-07-22 17:56:47,DOWN
2016-07-22 17:57:02,DOWN
2016-07-22 17:57:32,DOWN
2016-07-22 17:57:47,UP
2016-07-22 17:58:02,UP
2016-07-22 17:58:17,UP
2016-07-22 18:00:02,DOWN
2016-07-22 18:00:17,DOWN
2016-07-22 18:00:32,UP
2016-07-22 18:01:17,DOWN
2016-07-22 18:01:32,UP
2016-07-22 18:01:47,UP
2016-07-22 18:03:32,DOWN
2016-07-22 18:03:47,UP
2016-07-22 18:04:02,UP
2016-07-22 18:05:17,DOWN
2016-07-22 18:05:32,DOWN
2016-07-22 18:05:47,UP
2016-07-22 18:06:02,UP
2016-07-22 18:06:17,DOWN
2016-07-22 18:06:47,UP
2016-07-22 18:07:17,DOWN
2016-07-22 18:07:32,UP
2016-07-22 18:08:47,DOWN
2016-07-22 18:09:02,UP
2016-07-22 18:09:32,DOWN
2016-07-22 18:11:02,DOWN
2016-07-22 18:11:47,UP
2016-07-22 18:13:02,DOWN
2016-07-22 18:13:17,DOWN
2016-07-22 18:13:32,UP
2016-07-22 18:14:02,UP
2016-07-22 18:14:17,DOWN
2016-07-22 18:14:32,UP
2016-07-22 18:15:02,DOWN
2016-07-22 18:15:17,UP
2016-07-22 18:15:32,DOWN
2016-07-22 18:15:47,DOWN
2016-07-22 18:16:47,UP
2016-07-22 18:17:17,DOWN
2016-07-22 18:18:32,UP
2016-07-22 18:20:02,DOWN
2016-07-22 18:20:32,UP
2016-07-22 18:21:32,UP
2016-07-22 18:22:02,DOWN
2016-07-22 18:22:47,DOWN
2016-07-22 18:30:47,DOWN
2016-07-22 18:44:32,UP
2016-07-22 18:46:17,DOWN
2016-07-22 18:58:47,DOWN
2016-07-22 18:59:02,UP
2016-07-22 19:00:17,DOWN
2016-07-22 19:01:02,UP
2016-07-22 19:01:17,DOWN
2016-07-22 19:01:32,UP
2016-07-22 19:02:02,DOWN
2016-07-22 19:03:32,DOWN
2016-07-22 19:04:32,UP
2016-07-22 19:04:47,UP
2016-07-22 19:22:47,UP
2016-07-22 19:23:17,DOWN
2016-07-22 19:37:47,DOWN
2016-07-22 19:42:32,UP
2016-07-22 19:43:17,DOWN
2016-07-22 20:05:17,UP
2016-07-22 20:05:32,UP
2016-07-22 20:05:47,DOWN
2016-07-22 20:06:02,UP
2016-07-22 20:08:17,DOWN
2016-07-22 20:08:32,UP
2016-07-22 20:13:17,UP
2016-07-22 20:13:47,DOWN
2016-07-22 20:14:02,UP
2016-07-22 20:20:47,DOWN
2016-07-22 20:24:32,UP
2016-07-22 20:27:47,DOWN
2016-07-22 20:30:47,UP
2016-07-22 20:34:32,DOWN
2016-07-22 20:34:47,UP
2016-07-22 20:36:32,DOWN
2016-07-22 20:51:32,UP
2016-07-22 20:54:02,DOWN
2016-07-22 21:06:47,UP
2016-07-22 21:08:02,DOWN
2016-07-22 21:21:47,UP
2016-07-22 21:22:32,DOWN
2016-07-22 21:35:32,UP
2016-07-22 21:35:47,UP
2016-07-22 21:36:02,DOWN
2016-07-22 21:37:32,DOWN
2016-07-22 21:52:47,UP
2016-07-22 21:53:02,DOWN
2016-07-22 21:53:17,DOWN
2016-07-22 22:08:17,UP
2016-07-22 22:08:32,DOWN
2016-07-22 22:16:32,UP
2016-07-22 22:17:17,DOWN
2016-07-25 16:02:46,DOWN
2016-07-25 16:15:01,UP
2016-07-25 16:15:16,DOWN
2016-07-25 16:28:46,DOWN
2016-07-25 16:36:01,UP
2016-07-25 16:36:31,DOWN
2016-07-25 16:40:01,UP
2016-07-25 16:40:16,UP
2016-07-25 16:40:31,DOWN
2016-07-25 16:52:16,DOWN
2016-07-25 16:55:46,UP
2016-07-25 16:56:01,DOWN
2016-07-25 17:05:16,UP
2016-07-25 17:05:46,DOWN
2016-07-25 17:08:46,UP
2016-07-25 17:17:31,UP
2016-07-25 17:20:46,DOWN
2016-07-25 17:25:46,UP
2016-07-25 17:28:01,DOWN
2016-07-25 17:28:31,DOWN
2016-07-25 18:03:31,UP
2016-07-25 18:04:01,UP
2016-07-25 18:06:31,DOWN
2016-07-25 18:21:31,UP
2016-07-25 18:21:46,UP
2016-07-25 18:40:16,DOWN
2016-07-25 18:41:31,UP
2016-07-25 20:10:31,UP
2016-07-25 20:47:46,UP
2016-07-25 21:06:48,DOWN
2016-07-25 21:08:16,DOWN
2016-07-25 22:05:01,UP
2016-07-25 22:10:16,UP
2016-07-25 22:13:46,DOWN
2016-07-25 22:15:01,UP
2016-07-25 23:34:46,UP
2016-07-26 16:00:31,UP
2016-07-26 16:16:31,DOWN
2016-07-26 16:19:01,UP
2016-07-26 16:22:46,DOWN
2016-07-26 16:54:01,DOWN
2016-07-26 16:56:31,DOWN
2016-07-26 17:09:01,DOWN
2016-07-26 17:12:16,UP
2016-07-26 17:13:16,DOWN
2016-07-26 17:15:31,DOWN
2016-07-26 17:16:31,UP
2016-07-26 17:20:31,UP
2016-07-26 17:35:16,DOWN
2016-07-26 18:09:46,UP
2016-07-26 18:12:31,DOWN
2016-07-26 18:14:31,DOWN
2016-07-26 18:22:31,UP
2016-07-26 18:23:16,DOWN
2016-07-26 18:23:31,UP
2016-07-26 18:24:16,DOWN
2016-07-26 18:24:31,UP
2016-07-26 18:24:46,DOWN
2016-07-26 18:25:16,UP
2016-07-26 18:25:46,DOWN
2016-07-26 18:26:01,UP
2016-07-26 18:26:46,DOWN
2016-07-26 18:27:16,UP
2016-07-26 18:27:31,DOWN
2016-07-26 18:27:46,UP
2016-07-26 18:28:01,DOWN
2016-07-26 18:30:01,DOWN
2016-07-26 18:43:46,UP
2016-07-26 18:44:01,DOWN
2016-07-26 19:01:01,UP
2016-07-26 19:01:31,DOWN
2016-07-26 19:02:16,UP
2016-07-26 19:03:31,DOWN
2016-07-26 19:04:01,UP
2016-07-26 19:04:16,DOWN
2016-07-26 19:04:31,UP
2016-07-26 19:04:46,DOWN
2016-07-26 19:05:01,DOWN
2016-07-26 19:05:16,UP
2016-07-26 19:05:46,DOWN
2016-07-26 19:09:01,DOWN
2016-07-26 19:24:31,UP
2016-07-26 19:25:01,DOWN
2016-07-26 19:25:16,UP
2016-07-26 19:25:31,DOWN
2016-07-26 19:28:46,DOWN
2016-07-26 19:32:16,UP
2016-07-26 19:34:31,DOWN
2016-07-26 19:35:31,UP
2016-07-26 19:36:01,DOWN
2016-07-26 19:36:46,UP
2016-07-26 19:37:01,DOWN
2016-07-26 19:37:16,UP
2016-07-26 19:38:16,DOWN
2016-07-26 19:38:31,DOWN
2016-07-26 19:53:31,UP
2016-07-26 19:56:31,DOWN
2016-07-26 19:58:16,DOWN
2016-07-26 20:07:31,UP
2016-07-26 20:12:16,DOWN
2016-07-26 20:21:01,DOWN
2016-07-26 20:36:01,UP
2016-07-26 20:36:46,DOWN
2016-07-26 20:51:46,UP
2016-07-26 20:52:01,DOWN
2016-07-26 20:53:01,DOWN
2016-07-26 21:21:01,DOWN
2016-07-26 21:21:31,DOWN
2016-07-26 21:36:16,DOWN
2016-07-26 21:48:16,UP
2016-07-26 21:49:46,UP
2016-07-26 21:59:31,UP
2016-07-26 22:00:16,UP
2016-07-26 22:07:31,UP
2016-07-26 22:07:46,UP
2016-07-26 22:09:16,UP
2016-07-26 22:09:31,UP
2016-07-26 22:10:16,DOWN
2016-07-26 22:18:01,UP
2016-07-26 22:19:01,UP
2016-07-27 16:10:46,DOWN
2016-07-27 16:27:46,DOWN
2016-07-27 16:28:31,DOWN
2016-07-27 16:31:31,DOWN
2016-07-27 16:35:01,DOWN
2016-07-27 16:44:01,DOWN
2016-07-27 16:55:16,DOWN
2016-07-27 17:29:46,DOWN
2016-07-27 17:33:16,DOWN
2016-07-27 17:33:31,DOWN
2016-07-27 17:35:01,DOWN
2016-07-27 17:36:01,UP
2016-07-27 17:38:46,DOWN
2016-07-27 17:39:01,UP
2016-07-27 17:48:01,DOWN
2016-07-27 18:03:16,DOWN
2016-07-27 18:49:46,DOWN
2016-07-27 19:20:46,DOWN
2016-07-27 19:29:31,UP
2016-07-27 19:34:16,UP
2016-07-27 20:17:46,UP
2016-07-27 20:19:16,DOWN
2016-07-27 20:23:31,UP
2016-07-27 20:25:46,DOWN
2016-07-27 20:27:31,DOWN
2016-07-27 20:51:46,UP
2016-07-27 20:52:01,DOWN
2016-07-27 20:52:16,UP
2016-07-27 21:36:16,DOWN
2016-07-27 21:37:01,DOWN
2016-07-27 21:40:46,DOWN
2016-07-27 21:43:31,UP
2016-07-27 21:53:16,UP
2016-07-27 22:01:16,DOWN
2016-07-27 22:05:16,DOWN
2016-07-27 22:06:31,UP
2016-07-27 22:15:31,UP
2016-07-27 22:17:16,DOWN
2016-07-27 23:10:46,UP
2016-07-28 16:02:01,UP
2016-07-28 16:02:16,UP
2016-07-28 16:03:46,DOWN
2016-07-28 16:05:31,UP
2016-07-28 16:08:46,UP
2016-07-28 16:09:16,DOWN
2016-07-28 16:11:46,DOWN
2016-07-28 16:12:01,UP
2016-07-28 16:12:31,DOWN
2016-07-28 16:12:46,UP
2016-07-28 16:13:46,DOWN
2016-07-28 16:14:01,UP
2016-07-28 16:15:01,UP
2016-07-28 16:15:31,DOWN
2016-07-28 16:17:46,DOWN
2016-07-28 16:18:16,UP
2016-07-28 16:18:31,DOWN
2016-07-28 16:19:46,UP
2016-07-28 16:20:16,DOWN
2016-07-28 16:23:31,DOWN
2016-07-28 16:24:16,UP
2016-07-28 16:24:46,UP
2016-07-28 16:26:16,UP
2016-07-28 16:27:16,DOWN
2016-07-28 16:28:31,UP
2016-07-28 16:29:16,DOWN
2016-07-28 16:29:31,DOWN
2016-07-28 16:29:46,UP
2016-07-28 16:30:31,DOWN
2016-07-28 16:31:31,DOWN
2016-07-28 16:31:46,UP
2016-07-28 16:33:16,DOWN
2016-07-28 16:44:16,DOWN
2016-07-28 17:14:01,DOWN
2016-07-28 17:16:16,DOWN
2016-07-28 17:39:46,DOWN
2016-07-28 17:42:46,DOWN
2016-07-28 17:43:16,DOWN
2016-07-28 17:45:01,DOWN
2016-07-28 17:45:31,UP
2016-07-28 17:47:31,DOWN
2016-07-28 17:49:16,DOWN
2016-07-28 17:51:01,UP
2016-07-28 17:51:16,DOWN
2016-07-28 17:56:31,UP
2016-07-28 18:34:46,UP
2016-07-28 18:39:16,DOWN
2016-07-28 18:41:01,DOWN
2016-07-28 18:43:16,DOWN
2016-07-28 18:45:31,DOWN
2016-07-28 19:36:16,UP
2016-07-28 19:46:46,UP
2016-07-28 19:52:46,UP
2016-07-28 19:56:16,DOWN
2016-07-28 19:59:31,UP
2016-07-28 20:07:16,UP
2016-07-28 20:13:16,DOWN
2016-07-28 21:13:31,DOWN
2016-07-28 21:59:46,DOWN
2016-07-28 22:13:01,UP
2016-07-28 22:13:46,UP
2016-07-28 22:15:31,UP
2016-07-28 22:17:16,DOWN
2016-08-02 17:27:16,DOWN
2016-08-02 19:19:01,DOWN
2016-08-02 19:43:01,DOWN
2016-08-02 21:17:46,UP
2016-08-02 21:21:46,DOWN
2016-08-02 21:51:16,DOWN
2016-08-02 22:14:46,DOWN
2016-08-02 22:19:01,UP
2016-08-15 16:02:16,DOWN
2016-08-15 16:02:31,UP
2016-08-15 16:04:46,DOWN
2016-08-15 16:09:31,UP
2016-08-15 16:10:01,UP
2016-08-15 16:14:31,DOWN
2016-08-15 16:15:16,UP
2016-08-15 16:18:16,DOWN
2016-08-15 16:18:46,UP
2016-08-15 16:20:16,DOWN
2016-08-15 16:24:31,DOWN
2016-08-15 16:29:46,UP
2016-08-15 16:30:16,UP
2016-08-15 16:31:46,UP
2016-08-15 16:33:16,DOWN
2016-08-15 16:34:16,UP
2016-08-15 16:38:46,DOWN
2016-08-15 16:39:16,DOWN
2016-08-15 16:39:31,UP
2016-08-15 16:39:46,DOWN
2016-08-15 16:40:01,DOWN
2016-08-15 16:41:01,DOWN
2016-08-15 16:58:01,DOWN
2016-08-15 17:05:46,UP
2016-08-15 17:07:31,UP
2016-08-15 17:08:16,UP
2016-08-15 17:17:46,DOWN
2016-08-15 17:19:46,UP
2016-08-15 17:21:46,UP
2016-08-15 17:26:01,DOWN
2016-08-15 17:37:16,DOWN
2016-08-15 17:40:31,UP
2016-08-15 17:40:46,DOWN
2016-08-15 17:41:31,UP
2016-08-15 17:44:16,DOWN
2016-08-15 18:05:31,UP
2016-08-15 18:06:46,UP
2016-08-15 18:08:01,DOWN
2016-08-15 18:12:31,UP
2016-08-15 18:13:31,DOWN
2016-08-15 18:25:31,UP
2016-08-15 18:26:16,DOWN
2016-08-15 18:33:31,DOWN
2016-08-15 18:39:16,DOWN
2016-08-15 18:46:16,UP
2016-08-15 18:54:16,UP
2016-08-15 18:55:31,UP
2016-08-15 18:57:46,UP
2016-08-15 18:59:16,DOWN
2016-08-15 19:03:01,UP
2016-08-15 20:06:01,UP
2016-08-15 20:06:31,DOWN
2016-08-15 20:15:16,UP
2016-08-15 20:35:31,DOWN
2016-08-15 20:41:01,UP
2016-08-15 20:54:16,UP
2016-08-15 21:05:46,UP
2016-08-15 21:06:16,UP
2016-08-15 21:12:01,DOWN
2016-08-15 21:16:01,UP
2016-08-15 21:16:31,DOWN
2016-08-15 21:16:46,UP
2016-08-15 21:17:01,DOWN
2016-08-15 21:17:16,UP
2016-08-15 21:18:46,DOWN
2016-08-15 21:20:31,UP
2016-08-15 21:21:16,DOWN
2016-08-15 21:30:01,DOWN
2016-08-15 21:39:01,DOWN
2016-08-15 21:39:31,DOWN
2016-08-15 21:39:46,UP
2016-08-15 21:40:01,UP
2016-08-15 21:41:46,DOWN
2016-08-15 21:42:31,DOWN
2016-08-15 21:42:46,UP
2016-08-15 21:43:16,DOWN
2016-08-15 21:43:31,UP
2016-08-15 21:44:16,DOWN
2016-08-15 21:44:31,UP
2016-08-15 21:44:46,DOWN
2016-08-15 21:45:01,UP
2016-08-15 21:45:31,DOWN
2016-08-15 21:46:01,DOWN
2016-08-15 21:46:16,DOWN
2016-08-15 21:46:31,DOWN
2016-08-15 21:47:16,DOWN
2016-08-15 21:48:01,DOWN
2016-08-15 21:53:46,UP
2016-08-15 21:54:01,UP
2016-08-15 21:56:46,DOWN
2016-08-15 21:57:16,UP
2016-08-15 21:58:31,DOWN
2016-08-15 22:01:16,UP
2016-08-15 22:06:01,DOWN
2016-08-15 22:10:46,UP
2016-08-15 22:11:31,DOWN
2016-08-15 22:12:16,UP
2016-08-15 22:12:46,UP
2016-08-15 22:13:16,DOWN
2016-08-15 22:13:31,UP
2016-08-15 22:15:16,UP
2016-08-15 22:16:01,UP
2016-08-15 22:17:01,DOWN
2016-08-15 22:18:01,UP
2016-08-15 22:51:16,DOWN
2016-08-15 22:56:01,UP
2016-08-16 16:05:46,UP
2016-08-16 16:06:01,UP
2016-08-16 16:11:16,UP
2016-08-16 16:12:01,UP
2016-08-16 16:22:01,UP
2016-08-16 16:38:16,UP
2016-08-16 16:41:31,UP
2016-08-16 16:46:16,UP
2016-08-16 16:49:16,UP
2016-08-26 16:02:31,UP
2016-08-26 16:02:46,UP
2016-08-26 16:03:01,DOWN
2016-08-26 16:03:46,DOWN
2016-08-26 16:07:31,UP
2016-08-26 16:12:31,UP
2016-08-26 16:26:16,UP
2016-08-26 16:26:31,UP
2016-08-26 17:29:01,UP
2016-08-26 17:34:01,UP
2016-08-26 17:34:31,UP
2016-08-26 17:35:46,DOWN
2016-08-26 17:36:01,UP
2016-08-26 17:36:16,DOWN
2016-08-26 17:40:31,UP
2016-08-26 17:46:46,DOWN
2016-08-26 17:52:01,UP
2016-08-26 17:54:31,DOWN
2016-08-26 17:55:31,UP
2016-08-26 17:56:01,DOWN
2016-08-26 17:56:16,UP
2016-08-26 17:57:16,DOWN
2016-08-26 18:01:31,UP
2016-08-26 18:08:01,DOWN
2016-08-26 18:36:31,DOWN
2016-08-26 18:36:46,DOWN
2016-08-26 18:37:01,UP
2016-08-26 18:50:01,DOWN
2016-08-26 19:01:46,UP
2016-08-26 19:27:31,UP
2016-08-26 19:32:31,UP
2016-08-26 19:37:46,DOWN
2016-08-26 19:38:31,UP
2016-08-26 20:00:31,UP
2016-08-26 20:15:16,DOWN
2016-08-26 20:22:16,DOWN
2016-08-26 20:26:16,UP
2016-08-26 20:26:31,DOWN
2016-08-26 20:32:01,UP
2016-08-26 20:33:46,UP
2016-08-26 20:37:31,DOWN
2016-08-26 20:38:01,DOWN
2016-08-26 20:44:31,DOWN
2016-08-26 20:49:31,UP
2016-08-26 20:51:31,DOWN
2016-08-26 20:58:01,DOWN
2016-08-26 21:01:46,UP
2016-08-26 21:07:31,UP
2016-08-26 21:15:16,DOWN
2016-08-26 21:15:31,UP
2016-08-26 21:28:46,UP
2016-08-26 21:41:01,UP
2016-08-26 21:42:31,UP
2016-08-26 21:46:01,DOWN
2016-08-26 21:46:46,UP
2016-08-26 22:02:16,DOWN
2016-08-26 22:09:46,DOWN
2016-08-26 22:10:31,DOWN
2016-08-26 22:15:01,UP
2016-08-26 22:15:31,UP
2016-08-26 22:17:16,DOWN
2016-08-26 22:17:31,UP
2016-08-27 00:45:16,UP
2016-09-01 16:00:31,DOWN
2016-09-01 16:00:46,UP
2016-09-01 16:01:31,UP
2016-09-01 16:04:01,DOWN
2016-09-01 16:05:46,DOWN
2016-09-01 16:06:31,UP
2016-09-01 16:08:01,UP
2016-09-01 16:12:01,UP
2016-09-01 16:12:31,DOWN
2016-09-01 16:12:46,UP
2016-09-01 16:13:31,DOWN
2016-09-01 16:14:16,UP
2016-09-01 16:16:16,DOWN
2016-09-01 16:17:01,UP
2016-09-01 16:20:01,DOWN
2016-09-01 16:20:16,UP
2016-09-01 16:21:01,DOWN
2016-09-01 16:23:16,UP
2016-09-01 16:24:01,DOWN
2016-09-01 16:26:16,DOWN
2016-09-01 16:27:16,UP
2016-09-01 16:27:46,UP
2016-09-01 16:28:16,DOWN
2016-09-01 16:30:01,DOWN
2016-09-01 16:31:46,UP
2016-09-01 16:32:16,DOWN
2016-09-01 16:33:01,UP
2016-09-01 16:34:01,UP
2016-09-01 16:39:16,DOWN
2016-09-01 16:39:31,UP
2016-09-01 16:40:31,UP
2016-09-01 16:45:31,DOWN
2016-09-01 16:46:31,UP
2016-09-01 16:51:01,UP
2016-09-01 16:52:01,UP
2016-09-01 16:53:16,UP
2016-09-01 16:53:46,UP
2016-09-01 17:00:16,DOWN
2016-09-01 17:02:46,DOWN
2016-09-01 17:07:16,UP
2016-09-01 17:10:01,UP
2016-09-01 17:11:31,DOWN
2016-09-01 17:11:46,UP
2016-09-01 17:12:16,DOWN
2016-09-01 17:15:31,UP
2016-09-01 17:18:01,UP
2016-09-01 17:20:46,UP
2016-09-01 17:21:16,UP
2016-09-01 17:21:31,DOWN
2016-09-01 17:21:46,DOWN
2016-09-01 17:25:01,DOWN
2016-09-01 17:25:31,DOWN
2016-09-01 17:25:46,UP
2016-09-01 17:26:31,UP
2016-09-01 17:32:31,DOWN
2016-09-01 17:32:46,UP
2016-09-01 17:35:01,DOWN
2016-09-01 17:36:16,DOWN
2016-09-01 17:38:46,DOWN
2016-09-01 17:39:16,DOWN
2016-09-01 17:40:01,DOWN
2016-09-01 17:43:01,DOWN
2016-09-01 17:45:31,UP
2016-09-01 17:47:01,DOWN
2016-09-01 17:55:31,UP
2016-09-01 17:56:01,UP
2016-09-01 17:58:31,UP
2016-09-01 17:58:46,DOWN
2016-09-01 18:02:01,DOWN
2016-09-01 18:03:16,DOWN
2016-09-01 18:05:01,UP
2016-09-01 18:10:46,DOWN
2016-09-01 18:38:01,UP
2016-09-01 18:41:01,UP
2016-09-01 18:41:16,UP
2016-09-01 18:43:01,UP
2016-09-01 18:43:46,DOWN
2016-09-01 18:44:01,DOWN
2016-09-01 18:45:01,DOWN
2016-09-01 18:46:01,DOWN
2016-09-01 18:48:16,UP
2016-09-01 18:48:46,UP
2016-09-01 18:49:01,UP
2016-09-01 18:50:46,DOWN
2016-09-01 18:51:46,DOWN
2016-09-01 18:54:16,UP
2016-09-01 18:59:31,DOWN
2016-09-01 19:00:31,DOWN
2016-09-01 19:09:01,UP
2016-09-01 19:11:31,DOWN
2016-09-01 19:17:01,UP
2016-09-01 19:18:01,DOWN
2016-09-01 19:18:31,UP
2016-09-01 19:20:31,DOWN
2016-09-01 19:20:46,UP
2016-09-01 19:34:01,UP
2016-09-01 20:07:01,DOWN
2016-09-01 20:14:01,UP
2016-09-01 20:19:01,DOWN
2016-09-01 20:22:16,UP
2016-09-01 20:29:16,UP
2016-09-01 20:31:01,DOWN
2016-09-01 20:37:46,UP
2016-09-01 20:40:16,DOWN
2016-09-01 20:40:46,DOWN
2016-09-01 20:41:31,DOWN
2016-09-01 20:41:46,UP
2016-09-01 20:45:31,UP
2016-09-01 20:55:16,UP
2016-09-01 20:56:31,DOWN
2016-09-01 21:01:16,UP
2016-09-01 21:11:16,DOWN
2016-09-01 21:13:01,UP
2016-09-01 21:14:31,DOWN
2016-09-01 21:15:31,UP
2016-09-01 21:31:31,UP
2016-09-01 21:32:31,UP
2016-09-01 21:35:01,UP
2016-09-01 21:35:31,UP
2016-09-01 21:36:46,UP
2016-09-01 21:37:16,DOWN
2016-09-01 21:37:46,DOWN
2016-09-01 21:40:31,DOWN
2016-09-01 21:43:01,UP
2016-09-01 21:45:46,UP
2016-09-01 21:46:46,UP
2016-09-01 21:47:31,DOWN
2016-09-01 21:49:31,UP
2016-09-01 21:53:01,DOWN
2016-09-01 21:53:31,DOWN
2016-09-01 21:54:31,UP
2016-09-01 21:56:01,DOWN
2016-09-01 22:01:31,UP
2016-09-01 22:07:46,UP
2016-09-01 22:10:16,DOWN
2016-09-01 22:11:31,DOWN
2016-09-01 22:12:16,DOWN
2016-09-01 22:12:46,DOWN
2016-09-01 22:13:31,UP
2016-09-01 22:14:16,DOWN
2016-09-01 22:15:01,DOWN
2016-09-01 22:15:16,UP
2016-09-01 22:15:31,DOWN
2016-09-01 22:17:16,DOWN
2016-09-01 23:41:16,UP
2016-09-01 23:46:16,DOWN
2016-09-01 23:48:46,UP
2016-09-02 16:00:31,DOWN
2016-09-02 16:01:01,UP
2016-09-02 16:02:31,DOWN
2016-09-02 16:03:01,UP
2016-09-02 16:04:16,DOWN
2016-09-02 16:05:16,UP
2016-09-02 16:09:01,DOWN
2016-09-02 16:09:16,UP
2016-09-02 16:11:31,UP
2016-09-02 16:15:01,DOWN
2016-09-02 16:15:46,DOWN
2016-09-02 16:17:31,UP
2016-09-02 16:22:31,UP
2016-09-02 16:28:31,DOWN
2016-09-02 16:29:16,DOWN
2016-09-02 16:30:16,UP
2016-09-02 16:32:01,DOWN
2016-09-02 16:32:16,UP
2016-09-02 16:32:31,DOWN
2016-09-02 16:36:01,DOWN
2016-09-02 16:39:16,DOWN
2016-09-02 16:39:31,UP
2016-09-02 16:39:46,UP
2016-09-02 16:40:31,DOWN
2016-09-02 16:41:01,DOWN
2016-09-02 16:42:46,DOWN
2016-09-02 16:46:31,DOWN
2016-09-02 16:47:01,DOWN
2016-09-02 16:50:46,UP
2016-09-02 16:52:01,UP
2016-09-02 16:53:01,DOWN
2016-09-02 16:53:46,UP
2016-09-02 16:54:31,DOWN
2016-09-02 16:55:16,UP
2016-09-02 16:57:01,DOWN
2016-09-02 16:57:46,DOWN
2016-09-02 17:04:16,UP
2016-09-02 17:05:01,UP
2016-09-02 17:05:31,UP
2016-09-02 17:07:31,DOWN
2016-09-02 17:10:16,DOWN
2016-09-02 17:18:31,UP
2016-09-02 17:24:46,UP
2016-09-02 17:25:31,DOWN
2016-09-02 17:50:01,UP
2016-09-02 17:59:31,UP
2016-09-02 18:11:16,DOWN
2016-09-02 18:11:31,UP
2016-09-02 18:12:31,DOWN
2016-09-02 18:13:16,UP
2016-09-02 18:14:01,DOWN
2016-09-02 18:17:01,UP
2016-09-02 18:27:46,DOWN
2016-09-02 18:30:46,DOWN
2016-09-02 18:35:31,UP
2016-09-02 18:39:46,DOWN
2016-09-02 18:40:01,UP
2016-09-02 18:46:01,UP
2016-09-02 18:46:16,DOWN
2016-09-02 18:48:01,UP
2016-09-02 20:22:01,DOWN
2016-09-02 20:52:01,UP
2016-09-02 20:59:31,UP
2016-09-02 21:04:46,DOWN
2016-09-02 21:06:01,UP
2016-09-02 21:42:46,DOWN
2016-09-02 21:43:16,DOWN
2016-09-02 21:43:31,UP
2016-09-02 21:52:31,DOWN
2016-09-02 21:57:46,UP
2016-09-02 21:58:01,DOWN
2016-09-02 21:59:46,UP
2016-09-02 22:04:01,DOWN
2016-09-02 22:06:46,UP
2016-09-02 22:14:31,DOWN
2016-09-02 22:16:16,UP
2016-09-02 22:17:16,DOWN
2016-09-02 22:19:01,UP
2016-09-02 22:45:31,DOWN
2016-09-12 16:01:17,DOWN
2016-09-12 16:04:17,UP
2016-09-12 16:07:47,DOWN
2016-09-12 16:08:02,DOWN
2016-09-12 16:08:32,DOWN
2016-09-12 16:10:17,DOWN
2016-09-12 16:13:47,DOWN
2016-09-12 16:20:17,UP
2016-09-12 16:23:17,UP
2016-09-12 16:26:47,DOWN
2016-09-12 16:27:02,DOWN
2016-09-12 16:28:17,DOWN
2016-09-12 16:28:32,DOWN
2016-09-12 16:30:32,DOWN
2016-09-12 16:30:47,UP
2016-09-12 16:31:02,DOWN
2016-09-12 16:32:02,UP
2016-09-12 16:33:47,DOWN
2016-09-12 16:36:17,UP
2016-09-12 16:37:17,DOWN
2016-09-12 16:38:17,DOWN
2016-09-12 16:38:32,UP
2016-09-12 16:55:47,DOWN
2016-09-12 17:02:17,UP
2016-09-12 17:02:32,UP
2016-09-12 17:05:02,UP
2016-09-12 17:06:02,DOWN
2016-09-12 17:08:17,DOWN
2016-09-12 17:12:32,UP
2016-09-12 17:12:47,UP
2016-09-12 17:15:17,DOWN
2016-09-12 17:18:02,UP
2016-09-12 17:21:32,DOWN
2016-09-12 17:23:02,DOWN
2016-09-12 17:29:17,DOWN
2016-09-12 17:30:32,DOWN
2016-09-12 17:33:17,DOWN
2016-09-12 17:34:32,UP
2016-09-12 17:34:47,UP
2016-09-12 17:35:32,DOWN
2016-09-12 17:36:47,DOWN
2016-09-12 17:40:02,UP
2016-09-12 17:40:17,UP
2016-09-12 17:40:32,DOWN
2016-09-12 17:45:32,UP
2016-09-12 17:47:17,DOWN
2016-09-12 17:50:32,UP
2016-09-12 17:51:17,DOWN
2016-09-12 17:51:32,UP
2016-09-12 17:51:47,UP
2016-09-12 17:52:17,UP
2016-09-12 17:52:32,DOWN
2016-09-12 17:56:02,UP
2016-09-12 17:56:17,DOWN
2016-09-12 18:02:47,DOWN
2016-09-12 18:18:32,UP
2016-09-12 18:18:47,DOWN
2016-09-12 18:28:17,DOWN
2016-09-12 18:28:32,DOWN
2016-09-12 18:28:47,UP
2016-09-12 18:30:17,DOWN
2016-09-12 18:30:32,UP
2016-09-12 18:33:17,DOWN
2016-09-12 18:39:02,UP
2016-09-12 18:41:17,DOWN
2016-09-12 18:50:32,DOWN
2016-09-12 18:53:32,DOWN
2016-09-12 18:54:32,UP
2016-09-12 19:09:02,DOWN
2016-09-12 19:15:47,UP
2016-09-12 19:30:02,UP
2016-09-12 19:38:47,DOWN
2016-09-12 20:06:47,UP
2016-09-12 20:19:32,UP
2016-09-12 20:19:47,UP
2016-09-12 20:20:02,DOWN
2016-09-12 20:20:17,DOWN
2016-09-12 20:20:32,UP
2016-09-12 20:22:17,UP
2016-09-12 20:23:32,UP
2016-09-12 20:24:17,DOWN
2016-09-12 20:25:02,UP
2016-09-12 20:25:17,UP
2016-09-12 20:25:32,DOWN
2016-09-12 20:25:47,DOWN
2016-09-12 20:28:17,DOWN
2016-09-12 20:28:47,DOWN
2016-09-12 20:35:02,DOWN
2016-09-12 20:51:17,UP
2016-09-12 21:03:17,UP
2016-09-12 21:06:17,UP
2016-09-12 21:09:47,DOWN
2016-09-12 21:18:17,DOWN
2016-09-12 21:29:47,DOWN
2016-09-12 21:38:32,UP
2016-09-12 21:41:17,DOWN
2016-09-12 21:42:02,DOWN
2016-09-12 21:47:32,UP
2016-09-12 21:50:02,UP
2016-09-12 21:52:47,DOWN
2016-09-12 21:53:02,UP
2016-09-12 21:55:17,DOWN
2016-09-12 21:56:32,DOWN
2016-09-12 21:57:47,UP
2016-09-12 22:00:02,DOWN
2016-09-12 22:01:32,UP
2016-09-12 22:03:17,DOWN
2016-09-12 22:10:02,UP
2016-09-12 22:10:32,DOWN
2016-09-12 22:15:02,UP
2016-09-12 22:15:17,UP
2016-09-12 22:16:02,DOWN
2016-09-12 22:18:32,DOWN
2016-09-12 22:23:47,UP
2016-09-12 22:49:47,DOWN
2016-09-12 22:53:17,UP
