2016-05-13 22:03:15,DOWN
2016-05-13 22:12:30,UP
2016-05-13 22:16:00,UP
2016-05-13 22:24:15,DOWN
2016-05-13 23:31:45,DOWN
2016-05-14 00:10:45,DOWN
2016-05-14 00:45:00,UP
2016-05-14 01:10:15,DOWN
2016-05-14 01:11:30,UP
2016-05-14 01:11:45,DOWN
2016-05-14 01:12:30,UP
2016-05-14 01:23:30,DOWN
2016-05-16 16:59:52,DOWN
2016-05-16 17:03:22,UP
2016-05-16 17:05:07,UP
2016-05-16 17:07:52,UP
2016-05-16 17:11:52,UP
2016-05-16 17:12:52,UP
2016-05-16 17:14:52,DOWN
2016-05-16 17:19:07,UP
2016-05-16 17:21:07,DOWN
2016-05-16 17:22:52,DOWN
2016-05-16 17:27:22,DOWN
2016-05-16 17:28:22,DOWN
2016-05-16 17:30:07,UP
2016-05-16 17:33:52,DOWN
2016-05-16 17:41:22,UP
2016-05-16 17:43:37,DOWN
2016-05-16 17:44:52,UP
2016-05-16 17:46:07,UP
2016-05-16 17:47:37,UP
2016-05-16 17:56:07,UP
2016-05-16 18:06:52,UP
2016-05-16 18:21:52,UP
2016-05-16 18:24:07,DOWN
2016-05-16 18:27:07,DOWN
2016-05-16 18:31:37,UP
2016-05-16 18:34:22,DOWN
2016-05-16 18:36:52,DOWN
2016-05-16 18:39:52,DOWN
2016-05-16 18:42:52,UP
2016-05-16 19:03:52,UP
2016-05-16 19:11:07,UP
2016-05-16 19:14:37,DOWN
2016-05-16 19:18:22,UP
2016-05-16 19:37:22,DOWN
2016-05-16 19:52:07,UP
2016-05-16 19:54:07,UP
2016-05-16 19:57:07,UP
2016-05-16 19:58:22,DOWN
2016-05-16 20:10:37,UP
2016-05-16 20:29:37,UP
2016-05-16 20:30:37,DOWN
2016-05-17 16:22:35,UP
2016-05-17 16:24:35,DOWN
2016-05-17 16:25:35,UP
2016-05-17 16:27:35,DOWN
2016-05-17 16:33:05,DOWN
2016-05-17 16:40:05,DOWN
2016-05-17 16:43:35,DOWN
2016-05-17 16:48:05,UP
2016-05-17 16:48:20,DOWN
2016-05-17 16:55:50,UP
2016-05-17 16:56:50,DOWN
2016-05-17 17:00:35,UP
2016-05-17 17:01:20,UP
2016-05-17 17:05:20,DOWN
2016-05-17 17:08:05,UP
2016-05-17 17:10:20,UP
2016-05-17 17:12:35,DOWN
2016-05-17 17:13:50,UP
2016-05-17 17:17:35,DOWN
2016-05-17 17:24:35,UP
2016-05-17 17:31:05,DOWN
2016-05-17 17:32:35,UP
2016-05-17 17:33:50,UP
2016-05-17 17:36:35,UP
2016-05-17 17:41:50,DOWN
2016-05-17 17:44:20,DOWN
2016-05-17 17:47:20,UP
2016-05-17 17:54:35,DOWN
2016-05-17 17:59:50,UP
2016-05-17 18:01:50,UP
2016-05-17 18:13:05,DOWN
2016-05-17 18:18:05,UP
2016-05-17 18:21:20,UP
2016-05-17 18:24:05,DOWN
2016-05-17 18:30:35,DOWN
2016-05-17 18:34:50,DOWN
2016-05-17 18:43:05,UP
2016-05-17 18:50:05,UP
2016-05-17 18:51:20,DOWN
2016-05-17 18:54:05,UP
2016-05-17 18:56:20,DOWN
2016-05-17 18:57:50,DOWN
2016-05-17 19:11:05,DOWN
2016-05-17 19:18:35,UP
2016-05-17 19:31:20,UP
2016-05-17 19:39:35,DOWN
2016-05-17 19:47:20,UP
2016-05-17 19:55:20,DOWN
2016-05-17 20:00:20,UP
2016-05-17 20:05:35,DOWN
2016-05-17 20:10:20,DOWN
2016-05-17 20:11:20,DOWN
2016-05-17 20:25:05,DOWN
2016-05-17 20:28:05,DOWN
2016-05-17 20:30:05,UP
2016-05-17 20:31:35,DOWN
2016-05-17 20:37:20,DOWN
2016-05-17 20:43:05,UP
2016-05-17 20:45:35,DOWN
2016-05-17 20:47:05,UP
2016-05-17 20:48:35,DOWN
2016-05-17 20:53:05,UP
2016-05-17 20:54:50,DOWN
2016-05-17 21:08:35,DOWN
2016-05-17 21:13:05,UP
2016-05-17 21:21:35,UP
2016-05-17 21:30:20,DOWN
2016-05-17 21:37:35,DOWN
2016-05-17 21:41:20,DOWN
2016-05-17 21:44:20,UP
2016-05-17 21:46:05,UP
2016-05-17 21:52:05,UP
2016-05-17 21:57:20,DOWN
2016-05-17 22:00:05,UP
2016-05-17 22:04:05,DOWN
2016-05-17 22:09:50,UP
2016-05-17 22:15:05,UP
2016-05-18 16:27:26,UP
2016-05-18 16:31:11,UP
2016-05-18 16:37:11,UP
2016-05-18 16:40:26,DOWN
2016-05-18 16:43:11,UP
2016-05-18 16:46:26,DOWN
2016-05-18 16:56:41,UP
2016-05-18 17:01:26,UP
2016-05-18 17:07:11,DOWN
2016-05-18 17:10:26,DOWN
2016-05-18 17:13:26,DOWN
2016-05-18 17:17:26,UP
2016-05-18 17:19:11,UP
2016-05-18 17:21:41,DOWN
2016-05-18 17:28:11,DOWN
2016-05-18 17:36:11,UP
2016-05-18 17:39:11,DOWN
2016-05-18 17:43:11,UP
2016-05-18 18:00:41,UP
2016-05-18 18:05:56,UP
2016-05-18 18:07:56,DOWN
2016-05-18 18:14:11,DOWN
2016-05-18 18:15:41,UP
2016-05-18 18:20:26,DOWN
2016-05-18 18:22:56,DOWN
2016-05-18 18:37:11,UP
2016-05-18 21:13:45,DOWN
2016-05-18 21:15:15,UP
2016-05-18 21:17:15,UP
2016-05-18 21:25:45,DOWN
2016-05-18 21:27:00,DOWN
2016-05-18 21:27:45,DOWN
2016-05-18 21:29:30,UP
2016-05-18 21:30:45,DOWN
2016-05-18 21:35:00,UP
2016-05-18 21:36:30,DOWN
2016-05-18 21:39:30,DOWN
2016-05-18 21:42:00,UP
2016-05-18 21:52:45,DOWN
2016-05-18 21:53:45,UP
2016-05-18 21:55:00,DOWN
2016-05-18 21:56:00,UP
2016-05-18 22:00:00,UP
2016-05-18 22:01:45,UP
2016-05-18 22:06:45,DOWN
2016-05-18 22:11:45,UP
2016-05-18 22:27:45,UP
2016-05-18 22:53:00,UP
2016-05-19 15:53:16,DOWN
2016-05-19 15:57:16,DOWN
2016-05-19 15:58:01,UP
2016-05-19 15:58:46,DOWN
2016-05-19 16:00:01,UP
2016-05-19 16:06:01,DOWN
2016-05-19 16:11:46,UP
2016-05-19 16:12:46,UP
2016-05-19 16:14:16,DOWN
2016-05-19 16:15:01,DOWN
2016-05-19 16:16:16,UP
2016-05-19 16:23:46,DOWN
2016-05-19 16:25:01,UP
2016-05-19 16:29:31,DOWN
2016-05-19 16:33:01,UP
2016-05-19 16:33:31,UP
2016-05-19 16:38:31,UP
2016-05-19 16:41:01,UP
2016-05-19 16:43:01,DOWN
2016-05-19 16:51:16,DOWN
2016-05-19 16:53:16,DOWN
2016-05-19 16:58:16,UP
2016-05-19 16:59:31,UP
2016-05-19 17:01:01,DOWN
2016-05-19 17:01:46,UP
2016-05-19 17:02:46,DOWN
2016-05-19 17:06:16,DOWN
2016-05-19 17:10:46,UP
2016-05-19 17:11:16,DOWN
2016-05-19 17:21:16,DOWN
2016-05-19 17:29:46,UP
2016-05-19 17:42:16,UP
2016-05-19 17:43:16,DOWN
2016-05-19 17:44:01,DOWN
2016-05-19 17:51:16,DOWN
2016-05-19 17:55:46,UP
2016-05-19 18:00:46,DOWN
2016-05-19 18:05:46,UP
2016-05-19 18:13:16,UP
2016-05-19 18:17:31,UP
2016-05-19 18:29:16,UP
2016-05-19 18:41:16,DOWN
2016-05-19 18:42:16,DOWN
2016-05-19 18:45:31,DOWN
2016-05-19 18:50:46,UP
2016-05-19 19:03:01,DOWN
2016-05-19 19:10:16,DOWN
2016-05-19 19:12:46,UP
2016-05-19 19:23:31,UP
2016-05-19 19:28:46,UP
2016-05-19 19:29:46,UP
2016-05-19 19:33:31,DOWN
2016-05-19 19:35:31,UP
2016-05-19 19:38:01,DOWN
2016-05-19 19:40:46,UP
2016-05-19 19:43:01,DOWN
2016-05-19 19:45:31,UP
2016-05-19 19:50:16,UP
2016-05-19 19:55:16,DOWN
2016-05-19 19:59:16,UP
2016-05-19 20:05:16,DOWN
2016-05-19 20:25:31,UP
2016-05-19 20:31:46,DOWN
2016-05-19 20:38:46,DOWN
2016-05-19 20:42:01,UP
2016-05-19 20:51:46,DOWN
2016-05-19 20:56:16,DOWN
2016-05-19 21:13:31,DOWN
2016-05-19 21:17:01,UP
2016-05-19 21:18:31,UP
2016-05-19 21:20:16,UP
2016-05-19 21:35:16,UP
2016-05-19 21:36:01,UP
2016-05-19 21:48:01,DOWN
2016-05-19 21:51:31,UP
2016-05-19 22:14:31,DOWN
2016-05-19 22:16:01,UP
2016-05-19 22:17:01,DOWN
2016-05-19 22:23:31,UP
2016-05-20 17:06:09,DOWN
2016-05-20 17:09:24,DOWN
2016-05-20 17:15:54,UP
2016-05-20 17:20:09,UP
2016-05-20 17:30:39,DOWN
2016-05-20 17:36:09,UP
2016-05-20 17:39:24,DOWN
2016-05-20 17:40:54,UP
2016-05-20 17:50:54,UP
2016-05-20 18:43:24,UP
2016-05-20 18:54:54,UP
2016-05-20 19:36:09,UP
2016-05-20 19:38:54,DOWN
2016-05-20 19:46:24,DOWN
2016-05-20 19:54:54,DOWN
2016-05-20 20:02:09,DOWN
2016-05-20 20:13:24,UP
2016-05-20 20:19:54,UP
2016-05-20 20:34:54,DOWN
2016-05-20 21:08:54,UP
2016-05-20 21:13:09,DOWN
2016-05-20 21:19:39,DOWN
2016-05-20 21:28:24,UP
2016-05-20 22:13:09,UP
2016-05-23 17:09:29,DOWN
2016-05-23 17:10:14,UP
2016-05-23 17:23:14,DOWN
2016-05-23 17:37:29,UP
2016-05-23 17:50:14,DOWN
2016-05-23 17:55:14,DOWN
2016-05-23 17:56:29,UP
2016-05-23 17:57:29,DOWN
2016-05-23 18:08:59,DOWN
2016-05-23 18:20:44,UP
2016-05-23 18:46:59,DOWN
2016-05-23 18:57:14,UP
2016-05-23 18:58:59,UP
2016-05-23 19:04:44,UP
2016-05-23 19:17:14,DOWN
2016-05-23 19:31:29,UP
2016-05-23 19:48:59,DOWN
2016-05-23 19:57:14,UP
2016-05-23 20:02:29,DOWN
2016-05-23 20:09:29,UP
2016-05-23 20:34:14,DOWN
2016-05-23 21:11:44,DOWN
2016-05-23 21:20:14,DOWN
2016-05-23 21:28:29,DOWN
2016-05-23 21:47:44,UP
2016-05-23 21:51:29,UP
2016-05-23 22:05:59,DOWN
2016-05-23 22:10:14,DOWN
2016-05-26 15:53:42,DOWN
2016-05-26 15:54:27,UP
2016-05-26 15:55:27,DOWN
2016-05-26 15:56:12,UP
2016-05-26 15:56:27,UP
2016-05-26 15:58:12,UP
2016-05-26 15:59:42,UP
2016-05-26 16:00:27,DOWN
2016-05-26 16:02:57,DOWN
2016-05-26 16:03:27,UP
2016-05-26 16:07:12,DOWN
2016-05-26 16:08:57,DOWN
2016-05-26 16:09:42,DOWN
2016-05-26 16:10:12,DOWN
2016-05-26 16:10:42,DOWN
2016-05-26 16:11:27,UP
2016-05-26 16:14:12,UP
2016-05-26 16:14:57,UP
2016-05-26 16:17:27,UP
2016-05-26 16:18:42,DOWN
2016-05-26 16:25:42,UP
2016-05-26 16:27:27,UP
2016-05-26 16:29:27,DOWN
2016-05-26 16:31:12,UP
2016-05-26 16:31:42,UP
2016-05-26 16:43:42,DOWN
2016-05-26 16:59:12,DOWN
2016-05-26 17:01:27,DOWN
2016-05-26 17:13:42,DOWN
2016-05-26 17:17:42,UP
2016-05-26 17:18:57,UP
2016-05-26 17:27:27,UP
2016-05-26 17:35:57,DOWN
2016-05-26 17:36:27,DOWN
2016-05-26 17:38:27,UP
2016-05-26 17:45:12,UP
2016-05-26 18:02:27,DOWN
2016-05-26 18:05:12,DOWN
2016-05-26 18:06:27,UP
2016-05-26 18:17:27,UP
2016-05-26 18:19:57,DOWN
2016-05-26 18:21:12,UP
2016-05-26 18:37:42,DOWN
2016-05-26 18:46:57,UP
2016-05-26 18:49:12,UP
2016-05-26 18:54:12,UP
2016-05-26 19:18:12,UP
2016-05-26 19:23:12,UP
2016-05-26 19:31:27,UP
2016-05-26 20:03:27,UP
2016-05-26 20:09:12,UP
2016-05-26 20:17:42,UP
2016-05-26 20:21:12,DOWN
2016-05-26 20:26:27,UP
2016-05-26 20:36:57,UP
2016-05-26 20:42:12,DOWN
2016-05-26 21:29:12,UP
2016-05-26 21:33:57,UP
2016-05-26 21:38:27,UP
2016-05-26 22:03:27,DOWN
2016-05-26 22:05:42,DOWN
2016-05-26 23:01:27,UP
2016-06-01 16:17:17,UP
2016-06-01 16:18:02,UP
2016-06-01 16:19:32,UP
2016-06-01 16:22:02,UP
2016-06-01 16:27:02,DOWN
2016-06-01 16:37:32,DOWN
2016-06-01 16:39:02,UP
2016-06-01 16:44:02,DOWN
2016-06-01 16:48:02,DOWN
2016-06-01 16:49:17,UP
2016-06-01 16:52:32,UP
2016-06-01 16:56:47,DOWN
2016-06-01 17:07:47,UP
2016-06-01 17:28:32,UP
2016-06-01 17:41:32,DOWN
2016-06-01 17:44:32,DOWN
2016-06-01 17:48:17,DOWN
2016-06-01 17:50:02,DOWN
2016-06-01 18:01:02,DOWN
2016-06-01 18:07:47,UP
2016-06-01 18:13:32,UP
2016-06-01 18:23:17,UP
2016-06-01 18:33:32,DOWN
2016-06-01 18:40:02,UP
2016-06-01 18:44:02,DOWN
2016-06-01 18:55:32,UP
2016-06-01 19:25:47,DOWN
2016-06-01 19:49:32,DOWN
2016-06-01 19:52:02,UP
2016-06-01 19:53:47,DOWN
2016-06-01 20:26:17,UP
2016-06-01 20:49:17,DOWN
2016-06-01 21:25:02,DOWN
2016-06-01 21:31:02,UP
2016-06-01 21:39:32,DOWN
2016-06-01 21:42:17,DOWN
2016-06-01 21:49:47,DOWN
2016-06-01 21:51:17,UP
2016-06-01 21:55:47,DOWN
2016-06-01 21:58:02,DOWN
2016-06-01 22:08:32,DOWN
2016-06-01 23:30:32,DOWN
2016-06-01 23:30:47,UP
2016-06-01 23:32:32,DOWN
2016-06-02 16:03:51,DOWN
2016-06-02 16:04:36,DOWN
2016-06-02 16:05:36,DOWN
2016-06-02 16:06:21,UP
2016-06-02 16:08:21,UP
2016-06-02 16:13:36,UP
2016-06-02 16:16:36,UP
2016-06-02 16:18:06,UP
2016-06-02 16:22:06,UP
2016-06-02 16:25:51,DOWN
2016-06-02 16:27:36,UP
2016-06-02 16:31:21,UP
2016-06-02 16:38:51,UP
2016-06-02 16:43:36,DOWN
2016-06-02 16:58:21,DOWN
2016-06-02 17:02:36,DOWN
2016-06-02 17:04:36,UP
2016-06-02 17:08:36,UP
2016-06-02 17:10:06,UP
2016-06-02 17:15:06,UP
2016-06-02 17:18:51,UP
2016-06-02 17:22:51,UP
2016-06-02 17:27:36,DOWN
2016-06-02 17:29:51,UP
2016-06-02 17:33:21,DOWN
2016-06-02 17:36:06,UP
2016-06-02 17:38:06,DOWN
2016-06-02 17:40:51,DOWN
2016-06-02 17:49:06,DOWN
2016-06-02 18:04:06,DOWN
2016-06-02 18:18:21,DOWN
2016-06-02 18:19:51,DOWN
2016-06-02 18:25:36,DOWN
2016-06-02 18:27:21,DOWN
2016-06-02 18:32:36,UP
2016-06-02 18:45:51,DOWN
2016-06-02 18:51:36,UP
2016-06-02 18:59:06,UP
2016-06-02 19:07:51,UP
2016-06-02 19:17:06,UP
2016-06-02 19:27:21,DOWN
2016-06-02 19:32:06,DOWN
2016-06-02 19:42:06,UP
2016-06-02 20:10:51,UP
2016-06-02 20:19:06,UP
2016-06-02 20:41:06,UP
2016-06-02 20:43:51,DOWN
2016-06-02 20:59:06,UP
2016-06-02 21:09:21,UP
2016-06-02 21:20:51,DOWN
2016-06-02 21:27:21,UP
2016-06-02 21:53:51,UP
2016-06-02 22:00:21,DOWN
2016-06-02 22:03:36,DOWN
2016-06-02 22:07:06,UP
2016-06-02 22:12:51,DOWN
2016-06-02 22:15:06,UP
2016-06-02 22:24:21,UP
2016-06-02 23:04:21,DOWN
2016-06-02 23:26:36,UP
2016-06-02 23:28:06,UP
2016-06-02 23:41:21,DOWN
2016-06-03 16:06:15,DOWN
2016-06-03 16:08:15,UP
2016-06-03 16:10:45,DOWN
2016-06-03 16:14:15,DOWN
2016-06-03 16:15:00,UP
2016-06-03 16:18:15,UP
2016-06-03 16:19:45,DOWN
2016-06-03 16:22:30,DOWN
2016-06-03 16:23:30,DOWN
2016-06-03 16:26:00,DOWN
2016-06-03 16:29:00,UP
2016-06-03 16:36:00,DOWN
2016-06-03 16:39:45,UP
2016-06-03 16:48:45,UP
2016-06-03 16:49:30,UP
2016-06-03 16:54:30,UP
2016-06-03 16:56:15,DOWN
2016-06-03 17:04:00,UP
2016-06-03 17:09:30,DOWN
2016-06-03 17:12:45,DOWN
2016-06-03 17:18:00,DOWN
2016-06-03 17:36:00,UP
2016-06-03 17:44:15,DOWN
2016-06-03 17:45:45,UP
2016-06-03 17:47:00,UP
2016-06-03 17:57:00,UP
2016-06-03 18:13:15,UP
2016-06-03 18:16:00,UP
2016-06-03 18:20:00,DOWN
2016-06-03 18:51:00,DOWN
2016-06-03 19:00:15,DOWN
2016-06-03 19:06:45,UP
2016-06-03 19:12:30,DOWN
2016-06-03 22:15:16,UP
2016-06-07 16:02:30,DOWN
2016-06-07 16:04:15,UP
2016-06-07 16:04:45,UP
2016-06-07 16:17:30,UP
2016-06-07 16:26:30,DOWN
2016-06-07 16:30:00,DOWN
2016-06-07 16:32:30,UP
2016-06-07 16:42:30,UP
2016-06-07 16:48:45,UP
2016-06-07 16:51:15,DOWN
2016-06-07 17:00:45,DOWN
2016-06-07 17:02:45,DOWN
2016-06-07 17:06:15,DOWN
2016-06-07 17:12:30,DOWN
2016-06-07 17:25:00,UP
2016-06-07 17:28:15,DOWN
2016-06-07 17:33:15,UP
2016-06-07 17:36:30,UP
2016-06-07 17:53:45,DOWN
2016-06-07 18:06:15,DOWN
2016-06-07 18:31:30,UP
2016-06-07 18:36:45,DOWN
2016-06-07 18:46:15,UP
2016-06-07 19:09:45,DOWN
2016-06-07 19:14:15,UP
2016-06-07 19:28:15,DOWN
2016-06-07 20:41:15,UP
2016-06-07 20:51:15,DOWN
2016-06-07 21:13:30,DOWN
2016-06-07 21:26:45,DOWN
2016-06-07 21:37:45,UP
2016-06-07 21:47:30,DOWN
2016-06-07 21:51:00,UP
2016-06-07 21:55:30,DOWN
2016-06-07 22:05:15,DOWN
2016-06-07 22:14:15,UP
2016-06-07 22:15:45,UP
2016-06-07 22:26:45,DOWN
2016-06-07 23:31:15,DOWN
2016-06-08 16:00:45,DOWN
2016-06-08 16:24:00,DOWN
2016-06-08 16:25:45,DOWN
2016-06-08 16:27:45,DOWN
2016-06-08 16:30:45,DOWN
2016-06-08 16:37:45,DOWN
2016-06-08 16:40:00,UP
2016-06-08 16:48:00,UP
2016-06-08 16:53:45,DOWN
2016-06-08 16:57:45,DOWN
2016-06-08 16:59:45,UP
2016-06-08 17:10:45,DOWN
2016-06-08 17:13:30,DOWN
2016-06-08 17:28:30,UP
2016-06-08 17:44:00,UP
2016-06-08 17:51:00,UP
2016-06-08 17:55:45,UP
2016-06-08 18:09:15,DOWN
2016-06-08 18:22:00,UP
2016-06-08 18:54:30,DOWN
2016-06-08 18:58:45,DOWN
2016-06-08 19:09:15,UP
2016-06-08 19:37:30,DOWN
2016-06-08 20:31:00,UP
2016-06-08 21:04:15,DOWN
2016-06-08 21:29:46,UP
2016-06-08 21:36:15,DOWN
2016-06-08 21:49:45,DOWN
2016-06-08 22:02:00,UP
2016-06-08 22:09:00,DOWN
2016-06-08 22:15:00,UP
2016-06-08 22:38:00,DOWN
2016-06-08 22:40:00,UP
2016-06-08 23:21:15,DOWN
2016-06-10 16:00:30,DOWN
2016-06-10 16:03:15,DOWN
2016-06-10 16:05:45,DOWN
2016-06-10 16:07:15,DOWN
2016-06-10 16:08:30,UP
2016-06-10 16:09:30,DOWN
2016-06-10 16:16:30,DOWN
2016-06-10 16:21:30,UP
2016-06-10 16:34:30,UP
2016-06-10 16:38:00,UP
2016-06-10 16:48:45,UP
2016-06-10 16:52:30,DOWN
2016-06-10 17:08:00,DOWN
2016-06-10 17:22:15,UP
2016-06-10 17:27:00,UP
2016-06-10 17:40:15,UP
2016-06-10 17:43:00,DOWN
2016-06-10 17:47:00,UP
2016-06-10 18:19:30,DOWN
2016-06-10 18:22:30,DOWN
2016-06-10 18:38:45,UP
2016-06-10 18:50:15,UP
2016-06-10 18:54:15,UP
2016-06-10 19:01:15,UP
2016-06-10 19:23:15,DOWN
2016-06-10 19:33:15,UP
2016-06-10 19:44:30,DOWN
2016-06-10 19:49:30,DOWN
2016-06-10 20:01:45,DOWN
2016-06-10 21:28:45,DOWN
2016-06-10 21:41:00,UP
2016-06-10 21:46:00,UP
2016-06-10 21:56:15,DOWN
2016-06-10 22:09:30,DOWN
2016-06-10 22:16:30,UP
2016-06-10 22:18:00,DOWN
2016-06-10 23:28:30,UP
2016-06-13 16:02:45,UP
2016-06-13 16:03:30,UP
2016-06-13 16:05:30,UP
2016-06-13 16:09:15,DOWN
2016-06-13 16:10:45,DOWN
2016-06-13 16:11:30,DOWN
2016-06-13 16:15:45,UP
2016-06-13 16:16:30,UP
2016-06-13 16:17:00,DOWN
2016-06-13 16:19:15,DOWN
2016-06-13 16:19:30,DOWN
2016-06-13 16:22:45,DOWN
2016-06-13 16:23:30,DOWN
2016-06-13 16:28:00,UP
2016-06-13 16:30:00,DOWN
2016-06-13 16:31:45,UP
2016-06-13 16:33:30,DOWN
2016-06-13 16:35:30,DOWN
2016-06-13 16:37:15,UP
2016-06-13 16:42:00,DOWN
2016-06-13 16:43:45,UP
2016-06-13 16:45:30,UP
2016-06-13 16:47:45,UP
2016-06-13 16:51:30,UP
2016-06-13 16:58:15,UP
2016-06-13 17:01:30,UP
2016-06-13 17:04:30,DOWN
2016-06-13 17:06:15,DOWN
2016-06-13 17:10:00,UP
2016-06-13 17:15:45,DOWN
2016-06-13 17:22:45,UP
2016-06-13 17:26:00,UP
2016-06-13 17:39:15,DOWN
2016-06-13 17:53:00,DOWN
2016-06-13 18:05:45,DOWN
2016-06-13 18:33:30,DOWN
2016-06-13 18:36:45,UP
2016-06-13 18:37:15,DOWN
2016-06-13 18:37:45,UP
2016-06-13 18:41:45,DOWN
2016-06-13 18:52:15,UP
2016-06-13 18:56:00,UP
2016-06-13 19:04:15,DOWN
2016-06-13 19:11:45,UP
2016-06-13 19:19:00,DOWN
2016-06-13 19:46:00,UP
2016-06-13 19:49:45,DOWN
2016-06-13 19:54:45,DOWN
2016-06-13 20:16:45,DOWN
2016-06-13 20:21:45,UP
2016-06-13 20:24:00,UP
2016-06-13 20:29:15,UP
2016-06-13 20:35:45,DOWN
2016-06-13 20:43:45,UP
2016-06-13 20:46:30,UP
2016-06-13 20:47:45,UP
2016-06-13 20:49:00,UP
2016-06-13 20:52:30,DOWN
2016-06-13 21:03:00,DOWN
2016-06-13 21:07:45,DOWN
2016-06-13 21:16:15,UP
2016-06-13 21:18:45,DOWN
2016-06-13 21:21:15,DOWN
2016-06-13 21:34:45,UP
2016-06-13 21:43:00,DOWN
2016-06-13 21:47:15,UP
2016-06-13 21:51:45,DOWN
2016-06-13 21:58:45,DOWN
2016-06-13 22:04:45,DOWN
2016-06-13 22:14:45,UP
2016-06-13 22:15:00,DOWN
2016-06-13 23:19:30,DOWN
2016-06-14 16:01:00,DOWN
2016-06-14 16:09:00,UP
2016-06-14 16:10:15,UP
2016-06-14 16:11:45,DOWN
2016-06-14 16:16:30,UP
2016-06-14 16:17:45,DOWN
2016-06-14 16:21:15,DOWN
2016-06-14 16:23:30,DOWN
2016-06-14 16:32:15,DOWN
2016-06-14 16:33:00,DOWN
2016-06-14 16:34:30,DOWN
2016-06-14 16:35:15,DOWN
2016-06-14 16:36:45,UP
2016-06-14 16:38:00,UP
2016-06-14 16:39:45,DOWN
2016-06-14 16:41:00,DOWN
2016-06-14 16:49:30,UP
2016-06-14 16:51:30,DOWN
2016-06-14 16:52:30,DOWN
2016-06-14 16:54:30,UP
2016-06-14 17:02:30,DOWN
2016-06-14 17:03:30,DOWN
2016-06-14 17:04:00,DOWN
2016-06-14 17:04:45,UP
2016-06-14 17:10:15,DOWN
2016-06-14 17:13:00,DOWN
2016-06-14 17:23:30,UP
2016-06-14 17:27:30,DOWN
2016-06-14 17:34:00,DOWN
2016-06-14 17:34:45,UP
2016-06-14 17:41:00,DOWN
2016-06-14 17:47:15,DOWN
2016-06-14 17:49:15,UP
2016-06-14 17:51:15,UP
2016-06-14 17:53:00,DOWN
2016-06-14 17:56:15,UP
2016-06-14 18:11:30,DOWN
2016-06-14 18:19:00,UP
2016-06-14 18:39:15,UP
2016-06-14 18:41:00,UP
2016-06-14 18:51:15,UP
2016-06-14 19:06:30,UP
2016-06-14 19:13:15,DOWN
2016-06-14 19:24:00,DOWN
2016-06-14 19:30:30,DOWN
2016-06-14 20:05:00,DOWN
2016-06-14 20:08:30,DOWN
2016-06-14 20:17:45,UP
2016-06-14 20:29:15,UP
2016-06-14 20:34:15,UP
2016-06-14 20:38:15,DOWN
2016-06-14 20:40:15,UP
2016-06-14 20:49:45,DOWN
2016-06-14 20:55:45,UP
2016-06-14 21:03:00,DOWN
2016-06-14 21:07:30,DOWN
2016-06-14 21:20:15,UP
2016-06-14 21:20:45,UP
2016-06-14 21:23:15,UP
2016-06-14 21:30:15,UP
2016-06-14 21:41:00,DOWN
2016-06-14 21:42:30,UP
2016-06-14 21:49:30,UP
2016-06-14 21:52:15,DOWN
2016-06-14 22:03:30,DOWN
2016-06-14 22:13:15,UP
2016-06-14 23:48:30,DOWN
2016-06-15 16:00:01,UP
2016-06-15 16:03:00,UP
2016-06-15 16:04:15,DOWN
2016-06-15 16:07:30,UP
2016-06-15 16:09:45,DOWN
2016-06-15 16:11:15,DOWN
2016-06-15 16:16:00,UP
2016-06-15 16:16:45,UP
2016-06-15 16:32:45,DOWN
2016-06-15 16:39:45,DOWN
2016-06-15 16:46:00,UP
2016-06-15 16:47:00,DOWN
2016-06-15 17:02:30,UP
2016-06-15 17:05:45,UP
2016-06-15 17:23:15,UP
2016-06-15 17:44:15,DOWN
2016-06-15 17:48:45,DOWN
2016-06-15 18:09:30,UP
2016-06-15 18:22:30,DOWN
2016-06-15 18:54:00,DOWN
2016-06-15 19:06:45,DOWN
2016-06-15 19:30:00,DOWN
2016-06-15 19:45:00,UP
2016-06-15 19:57:45,UP
2016-06-15 20:00:00,UP
2016-06-15 20:03:15,DOWN
2016-06-15 20:15:15,UP
2016-06-15 20:20:45,UP
2016-06-15 20:21:15,DOWN
2016-06-15 20:25:00,DOWN
2016-06-15 20:26:00,UP
2016-06-15 20:27:00,DOWN
2016-06-15 20:45:15,DOWN
2016-06-15 20:45:45,UP
2016-06-15 20:55:30,DOWN
2016-06-15 21:00:00,UP
2016-06-15 21:08:00,DOWN
2016-06-15 21:30:30,DOWN
2016-06-15 21:33:30,UP
2016-06-15 21:48:00,DOWN
2016-06-15 21:52:45,DOWN
2016-06-15 21:55:00,DOWN
2016-06-15 21:59:30,DOWN
2016-06-15 22:00:30,DOWN
2016-06-15 22:03:30,UP
2016-06-15 22:05:30,DOWN
2016-06-15 22:08:15,DOWN
2016-06-15 22:12:15,UP
2016-06-15 22:12:45,DOWN
2016-06-15 22:40:00,DOWN
2016-06-17 16:01:17,DOWN
2016-06-17 16:03:32,UP
2016-06-17 16:04:32,DOWN
2016-06-17 16:05:17,DOWN
2016-06-17 16:09:47,DOWN
2016-06-17 16:10:47,UP
2016-06-17 16:14:32,UP
2016-06-17 16:16:02,DOWN
2016-06-17 16:17:17,UP
2016-06-17 16:19:32,DOWN
2016-06-17 16:23:02,DOWN
2016-06-17 16:25:32,UP
2016-06-17 16:26:17,DOWN
2016-06-17 16:28:02,DOWN
2016-06-17 16:32:17,UP
2016-06-17 16:36:47,DOWN
2016-06-17 16:39:32,DOWN
2016-06-17 16:45:17,DOWN
2016-06-17 16:48:02,DOWN
2016-06-17 16:51:47,UP
2016-06-17 16:53:32,UP
2016-06-17 16:55:32,DOWN
2016-06-17 17:05:32,DOWN
2016-06-17 17:12:02,UP
2016-06-17 17:13:02,DOWN
2016-06-17 17:14:02,UP
2016-06-17 17:18:47,DOWN
2016-06-17 17:22:47,UP
2016-06-17 17:27:32,DOWN
2016-06-17 17:31:02,UP
2016-06-17 17:32:47,UP
2016-06-17 17:34:02,UP
2016-06-17 17:36:17,DOWN
2016-06-17 17:44:02,DOWN
2016-06-17 18:03:17,UP
2016-06-17 18:10:47,DOWN
2016-06-17 18:23:32,UP
2016-06-17 18:30:47,UP
2016-06-17 19:02:47,DOWN
2016-06-17 19:06:02,DOWN
2016-06-17 19:23:32,UP
2016-06-17 19:30:02,UP
2016-06-17 19:41:02,UP
2016-06-17 19:45:17,DOWN
2016-06-17 20:05:47,UP
2016-06-17 20:12:17,DOWN
2016-06-17 20:20:17,DOWN
2016-06-17 20:31:17,UP
2016-06-17 20:36:32,DOWN
2016-06-17 20:38:32,UP
2016-06-17 20:45:47,DOWN
2016-06-17 20:48:02,UP
2016-06-17 20:57:02,DOWN
2016-06-17 20:59:32,UP
2016-06-17 21:12:47,DOWN
2016-06-17 21:25:02,DOWN
2016-06-17 21:30:02,DOWN
2016-06-17 21:57:47,DOWN
2016-06-17 22:07:17,DOWN
2016-06-17 22:43:17,DOWN
2016-06-20 16:01:01,UP
2016-06-20 16:05:46,UP
2016-06-20 16:07:31,DOWN
2016-06-20 16:10:16,DOWN
2016-06-20 16:13:31,UP
2016-06-20 16:16:31,UP
2016-06-20 16:20:46,UP
2016-06-20 16:23:01,DOWN
2016-06-20 16:31:46,DOWN
2016-06-20 16:38:46,DOWN
2016-06-20 16:40:31,UP
2016-06-20 16:43:01,DOWN
2016-06-20 16:45:01,UP
2016-06-20 16:49:46,UP
2016-06-20 17:00:16,DOWN
2016-06-20 17:10:31,UP
2016-06-20 17:14:16,DOWN
2016-06-20 17:18:16,DOWN
2016-06-20 17:43:16,DOWN
2016-06-20 17:49:31,DOWN
2016-06-20 18:04:31,DOWN
2016-06-20 18:10:31,DOWN
2016-06-20 18:14:31,UP
2016-06-20 18:19:31,UP
2016-06-20 18:28:31,DOWN
2016-06-20 18:38:01,UP
2016-06-20 18:45:46,UP
2016-06-20 18:55:01,DOWN
2016-06-20 19:12:16,UP
2016-06-20 19:30:01,DOWN
2016-06-20 19:40:01,UP
2016-06-20 20:35:31,DOWN
2016-06-20 20:44:01,DOWN
2016-06-20 20:47:46,UP
2016-06-20 21:04:46,UP
2016-06-20 21:13:01,DOWN
2016-06-20 21:29:16,DOWN
2016-06-20 21:31:16,DOWN
2016-06-20 21:38:46,DOWN
2016-06-20 21:41:16,DOWN
2016-06-20 21:43:46,DOWN
2016-06-20 21:46:31,UP
2016-06-20 22:03:01,DOWN
2016-06-20 22:06:46,DOWN
2016-06-20 22:08:16,DOWN
2016-06-20 22:11:31,UP
2016-06-20 23:13:16,UP
2016-06-20 23:24:16,DOWN
2016-06-22 16:00:31,DOWN
2016-06-22 16:15:01,DOWN
2016-06-22 16:22:16,DOWN
2016-06-22 16:26:31,UP
2016-06-22 16:30:01,UP
2016-06-22 16:35:01,DOWN
2016-06-22 16:39:01,DOWN
2016-06-22 16:49:46,UP
2016-06-22 17:01:46,UP
2016-06-22 17:06:16,UP
2016-06-22 17:12:46,DOWN
2016-06-22 17:24:46,DOWN
2016-06-22 17:45:31,DOWN
2016-06-22 17:48:46,DOWN
2016-06-22 17:51:46,UP
2016-06-22 17:59:31,DOWN
2016-06-22 18:08:01,DOWN
2016-06-22 18:19:46,DOWN
2016-06-22 18:24:16,DOWN
2016-06-22 18:33:01,DOWN
2016-06-22 18:33:31,DOWN
2016-06-22 18:38:01,DOWN
2016-06-22 18:39:46,DOWN
2016-06-22 18:45:01,UP
2016-06-22 18:49:16,DOWN
2016-06-22 18:52:46,UP
2016-06-22 18:54:16,DOWN
2016-06-22 19:00:01,DOWN
2016-06-22 19:05:46,UP
2016-06-22 19:14:46,UP
2016-06-22 19:17:16,DOWN
2016-06-22 19:22:16,DOWN
2016-06-22 19:23:46,DOWN
2016-06-22 19:29:46,UP
2016-06-22 19:38:46,DOWN
2016-06-22 19:47:31,UP
2016-06-22 20:02:16,UP
2016-06-22 20:06:16,UP
2016-06-22 20:25:31,DOWN
2016-06-22 20:31:46,UP
2016-06-22 20:51:46,DOWN
2016-06-22 21:16:46,UP
2016-06-22 21:24:46,DOWN
2016-06-22 21:35:16,DOWN
2016-06-22 21:48:01,UP
2016-06-22 21:53:46,UP
2016-06-22 21:56:46,DOWN
2016-06-22 22:02:16,DOWN
2016-06-22 22:07:01,DOWN
2016-06-22 22:09:01,UP
2016-06-22 22:12:31,DOWN
2016-06-22 22:14:46,UP
2016-06-22 23:22:16,UP
2016-06-22 23:57:16,UP
2016-06-27 16:02:16,UP
2016-06-27 16:03:16,UP
2016-06-27 16:03:46,DOWN
2016-06-27 16:04:46,DOWN
2016-06-27 16:06:01,UP
2016-06-27 16:10:31,DOWN
2016-06-27 16:12:01,UP
2016-06-27 16:13:01,UP
2016-06-27 16:13:46,DOWN
2016-06-27 16:15:01,UP
2016-06-27 16:16:01,UP
2016-06-27 16:18:16,DOWN
2016-06-27 16:21:16,DOWN
2016-06-27 16:22:01,UP
2016-06-27 16:24:01,DOWN
2016-06-27 16:26:01,UP
2016-06-27 16:28:46,DOWN
2016-06-27 16:31:16,UP
2016-06-27 16:37:46,UP
2016-06-27 16:39:31,DOWN
2016-06-27 16:41:16,DOWN
2016-06-27 16:44:46,DOWN
2016-06-27 16:48:16,UP
2016-06-27 16:54:01,UP
2016-06-27 16:54:46,DOWN
2016-06-27 16:58:46,UP
2016-06-27 17:00:16,DOWN
2016-06-27 17:01:31,DOWN
2016-06-27 17:04:31,DOWN
2016-06-27 17:14:31,DOWN
2016-06-27 17:17:46,UP
2016-06-27 17:20:46,UP
2016-06-27 17:22:46,UP
2016-06-27 17:23:46,DOWN
2016-06-27 17:27:16,DOWN
2016-06-27 17:30:31,DOWN
2016-06-27 17:32:16,UP
2016-06-27 17:36:31,DOWN
2016-06-27 17:42:46,UP
2016-06-27 17:46:31,UP
2016-06-27 17:49:31,UP
2016-06-27 17:51:01,DOWN
2016-06-27 17:53:16,UP
2016-06-27 17:57:46,DOWN
2016-06-27 18:02:16,UP
2016-06-27 18:09:01,DOWN
2016-06-27 18:10:46,UP
2016-06-27 18:18:31,DOWN
2016-06-27 18:32:16,UP
2016-06-27 18:41:46,UP
2016-06-27 18:47:46,DOWN
2016-06-27 18:53:46,DOWN
2016-06-27 18:58:01,DOWN
2016-06-27 19:29:46,UP
2016-06-27 19:39:46,UP
2016-06-27 19:45:16,DOWN
2016-06-27 19:51:16,DOWN
2016-06-27 19:52:31,DOWN
2016-06-27 19:53:46,UP
2016-06-27 19:57:16,DOWN
2016-06-27 19:58:46,DOWN
2016-06-27 20:09:01,UP
2016-06-27 20:24:16,DOWN
2016-06-27 20:33:31,DOWN
2016-06-27 20:35:46,UP
2016-06-27 20:45:16,UP
2016-06-27 20:54:01,UP
2016-06-27 20:56:46,DOWN
2016-06-27 20:57:46,DOWN
2016-06-27 20:59:46,UP
2016-06-27 21:01:31,DOWN
2016-06-27 21:03:31,DOWN
2016-06-27 21:19:16,UP
2016-06-27 21:29:01,UP
2016-06-27 21:30:46,DOWN
2016-06-27 21:38:16,DOWN
2016-06-27 21:44:01,UP
2016-06-27 21:48:01,UP
2016-06-27 21:53:01,UP
2016-06-27 21:54:01,UP
2016-06-27 21:55:01,UP
2016-06-27 21:58:31,DOWN
2016-06-27 22:11:46,DOWN
2016-06-27 22:17:31,UP
2016-06-27 22:20:31,DOWN
2016-06-27 22:36:31,DOWN
2016-06-27 22:43:01,UP
2016-06-28 16:05:17,UP
2016-06-28 16:24:32,DOWN
2016-06-28 16:31:32,UP
2016-06-28 16:47:17,DOWN
2016-06-28 16:53:17,DOWN
2016-06-28 16:57:17,DOWN
2016-06-28 17:04:47,DOWN
2016-06-28 17:06:32,UP
2016-06-28 17:25:02,DOWN
2016-06-28 17:31:17,DOWN
2016-06-28 17:33:17,UP
2016-06-28 17:39:32,DOWN
2016-06-28 17:44:02,DOWN
2016-06-28 17:59:32,UP
2016-06-28 18:01:17,UP
2016-06-28 18:13:02,UP
2016-06-28 18:42:02,DOWN
2016-06-28 18:53:32,UP
2016-06-28 18:58:02,DOWN
2016-06-28 19:07:32,UP
2016-06-28 19:11:17,UP
2016-06-28 19:23:47,DOWN
2016-06-28 19:29:17,UP
2016-06-28 19:33:47,DOWN
2016-06-28 19:44:02,UP
2016-06-28 19:44:32,DOWN
2016-06-28 19:52:47,UP
2016-06-28 19:56:02,UP
2016-06-28 20:31:17,DOWN
2016-06-28 20:42:32,UP
2016-06-28 20:46:32,UP
2016-06-28 20:48:32,UP
2016-06-28 21:06:32,UP
2016-06-28 21:11:17,UP
2016-06-28 21:13:47,DOWN
2016-06-28 21:27:32,UP
2016-06-28 21:39:47,UP
2016-06-28 21:45:02,UP
2016-06-28 21:46:02,UP
2016-06-28 21:49:17,DOWN
2016-06-28 21:52:47,DOWN
2016-06-28 21:54:17,UP
2016-06-28 21:55:47,UP
2016-06-28 22:07:02,DOWN
2016-06-28 22:10:17,UP
2016-06-28 23:15:02,UP
2016-06-28 23:25:32,DOWN
2016-06-29 16:04:33,UP
2016-06-29 16:05:18,UP
2016-06-29 16:12:03,DOWN
2016-06-29 16:18:48,DOWN
2016-06-29 16:23:03,DOWN
2016-06-29 16:24:03,DOWN
2016-06-29 16:26:33,UP
2016-06-29 16:29:18,UP
2016-06-29 16:29:48,DOWN
2016-06-29 16:30:33,DOWN
2016-06-29 16:31:18,UP
2016-06-29 16:33:18,DOWN
2016-06-29 16:33:48,DOWN
2016-06-29 16:36:18,UP
2016-06-29 16:43:18,UP
2016-06-29 16:46:33,UP
2016-06-29 16:48:48,DOWN
2016-06-29 16:52:18,DOWN
2016-06-29 16:55:33,DOWN
2016-06-29 16:56:48,UP
2016-06-29 16:57:18,DOWN
2016-06-29 16:59:48,DOWN
2016-06-29 17:03:33,UP
2016-06-29 17:06:18,DOWN
2016-06-29 17:08:03,UP
2016-06-29 17:10:18,DOWN
2016-06-29 17:16:18,UP
2016-06-29 17:21:18,UP
2016-06-29 17:39:48,UP
2016-06-29 17:40:48,UP
2016-06-29 17:54:48,DOWN
2016-06-29 17:58:18,UP
2016-06-29 18:01:03,DOWN
2016-06-29 18:08:33,UP
2016-06-29 18:11:48,UP
2016-06-29 18:15:33,UP
2016-06-29 18:37:03,UP
2016-06-29 18:46:33,DOWN
2016-06-29 19:02:48,DOWN
2016-06-29 19:05:48,UP
2016-06-29 19:07:48,DOWN
2016-06-29 19:38:48,UP
2016-06-29 20:09:33,UP
2016-06-29 21:03:18,UP
2016-06-29 21:04:03,DOWN
2016-06-29 21:08:48,DOWN
2016-06-29 21:13:33,UP
2016-06-29 21:45:18,UP
2016-06-29 21:47:48,DOWN
2016-06-29 22:30:18,DOWN
2016-06-29 22:30:33,UP
2016-06-29 22:31:33,DOWN
2016-06-29 22:32:18,UP
2016-06-29 22:34:33,DOWN
2016-06-29 22:35:33,UP
2016-06-29 22:35:48,DOWN
2016-06-29 22:40:03,UP
2016-07-01 16:01:01,UP
2016-07-01 16:07:31,UP
2016-07-01 16:20:31,UP
2016-07-01 16:33:46,UP
2016-07-01 16:52:16,UP
2016-07-01 17:00:16,UP
2016-07-01 17:10:16,UP
2016-07-01 17:20:31,UP
2016-07-01 17:26:16,DOWN
2016-07-01 17:36:31,UP
2016-07-01 17:40:01,DOWN
2016-07-01 17:45:31,DOWN
2016-07-01 17:49:01,DOWN
2016-07-01 18:06:46,UP
2016-07-01 18:40:31,DOWN
2016-07-01 18:59:01,UP
2016-07-01 19:06:31,DOWN
2016-07-01 19:41:01,DOWN
2016-07-01 19:46:16,DOWN
2016-07-01 19:49:31,UP
2016-07-01 19:52:16,DOWN
2016-07-01 20:58:01,DOWN
2016-07-01 21:15:31,UP
2016-07-01 21:22:16,UP
2016-07-01 21:54:16,DOWN
2016-07-01 21:58:31,UP
2016-07-01 22:15:16,DOWN
2016-07-01 22:25:16,UP
2016-07-05 16:02:01,DOWN
2016-07-05 16:03:31,DOWN
2016-07-05 16:07:31,UP
2016-07-05 16:13:46,UP
2016-07-05 16:16:01,DOWN
2016-07-05 16:20:31,DOWN
2016-07-05 16:24:46,DOWN
2016-07-05 16:39:01,UP
2016-07-05 16:45:31,UP
2016-07-05 17:03:16,DOWN
2016-07-05 17:14:16,DOWN
2016-07-05 17:31:01,UP
2016-07-05 17:55:01,UP
2016-07-05 17:58:01,DOWN
2016-07-05 18:20:01,UP
2016-07-05 18:39:16,UP
2016-07-05 18:45:01,UP
2016-07-05 18:53:46,DOWN
2016-07-05 18:57:01,DOWN
2016-07-05 19:37:01,DOWN
2016-07-05 19:56:31,DOWN
2016-07-05 20:14:01,UP
2016-07-05 20:30:31,UP
2016-07-05 20:42:16,DOWN
2016-07-05 20:53:31,UP
2016-07-05 20:57:01,DOWN
2016-07-05 21:13:01,UP
2016-07-05 21:34:31,UP
2016-07-05 21:45:46,DOWN
2016-07-05 21:47:31,UP
2016-07-05 21:57:16,UP
2016-07-05 22:25:01,UP
2016-07-06 16:02:16,UP
2016-07-06 16:03:16,DOWN
2016-07-06 16:08:46,DOWN
2016-07-06 16:09:16,UP
2016-07-06 16:10:16,UP
2016-07-06 16:11:31,UP
2016-07-06 16:16:01,UP
2016-07-06 16:16:31,UP
2016-07-06 16:21:01,DOWN
2016-07-06 16:24:16,DOWN
2016-07-06 16:25:16,UP
2016-07-06 16:25:46,DOWN
2016-07-06 16:30:01,UP
2016-07-06 16:31:46,DOWN
2016-07-06 16:32:46,DOWN
2016-07-06 16:34:16,DOWN
2016-07-06 16:37:16,DOWN
2016-07-06 16:42:01,UP
2016-07-06 16:43:46,DOWN
2016-07-06 16:44:16,DOWN
2016-07-06 16:45:46,DOWN
2016-07-06 16:48:16,UP
2016-07-06 16:51:01,DOWN
2016-07-06 16:52:31,UP
2016-07-06 17:02:46,DOWN
2016-07-06 17:03:46,DOWN
2016-07-06 17:05:31,UP
2016-07-06 17:06:46,UP
2016-07-06 17:15:16,UP
2016-07-06 17:16:16,UP
2016-07-06 17:25:31,UP
2016-07-06 17:26:31,UP
2016-07-06 17:27:31,DOWN
2016-07-06 17:30:46,UP
2016-07-06 17:42:16,UP
2016-07-06 17:44:46,DOWN
2016-07-06 18:15:01,UP
2016-07-06 18:16:16,UP
2016-07-06 18:19:01,UP
2016-07-06 18:21:16,UP
2016-07-06 18:47:01,DOWN
2016-07-06 19:06:16,DOWN
2016-07-06 19:14:46,UP
2016-07-06 19:17:01,UP
2016-07-06 19:28:31,DOWN
2016-07-06 19:38:16,DOWN
2016-07-06 20:02:46,DOWN
2016-07-06 20:07:01,UP
2016-07-06 20:15:46,DOWN
2016-07-06 20:30:16,DOWN
2016-07-06 20:31:46,DOWN
2016-07-06 20:33:46,UP
2016-07-06 20:35:16,UP
2016-07-06 20:41:16,DOWN
2016-07-06 20:46:31,UP
2016-07-06 20:53:31,UP
2016-07-06 21:05:46,UP
2016-07-06 21:35:16,DOWN
2016-07-06 21:36:31,DOWN
2016-07-06 21:48:31,UP
2016-07-06 21:57:31,UP
2016-07-06 22:08:16,DOWN
2016-07-06 22:09:46,UP
2016-07-06 22:16:01,UP
2016-07-06 22:32:46,DOWN
2016-07-18 16:11:16,UP
2016-07-18 16:15:16,UP
2016-07-18 16:16:01,UP
2016-07-18 16:20:46,DOWN
2016-07-18 16:25:01,UP
2016-07-18 16:26:31,UP
2016-07-18 16:41:16,UP
2016-07-18 16:45:16,UP
2016-07-18 16:59:46,DOWN
2016-07-21 16:08:46,DOWN
2016-07-21 16:11:46,DOWN
2016-07-21 16:15:46,UP
2016-07-21 16:21:31,DOWN
2016-07-21 16:23:01,DOWN
2016-07-21 16:25:46,UP
2016-07-21 16:35:31,DOWN
2016-07-21 16:40:01,DOWN
2016-07-21 16:40:31,DOWN
2016-07-21 16:50:31,DOWN
2016-07-21 17:01:01,DOWN
2016-07-21 17:36:16,UP
2016-07-21 17:49:01,DOWN
2016-07-21 17:57:16,DOWN
2016-07-21 18:02:31,DOWN
2016-07-21 18:08:16,DOWN
2016-07-21 18:36:01,DOWN
2016-07-21 18:53:31,UP
2016-07-21 18:55:16,DOWN
2016-07-21 18:59:31,DOWN
2016-07-21 19:28:01,UP
2016-07-21 19:37:46,UP
2016-07-21 19:53:01,DOWN
2016-07-21 20:08:01,DOWN
2016-07-21 20:32:46,DOWN
2016-07-21 20:35:46,UP
2016-07-21 20:48:16,UP
2016-07-21 20:59:46,DOWN
2016-07-21 21:14:31,DOWN
2016-07-21 21:17:01,DOWN
2016-07-21 21:23:01,DOWN
2016-07-21 21:29:16,UP
2016-07-21 21:34:16,UP
2016-07-21 21:41:16,UP
2016-07-21 21:58:31,DOWN
2016-07-21 22:03:01,UP
2016-07-21 22:09:16,DOWN
2016-07-21 22:43:46,DOWN
2016-07-21 22:50:16,UP
2016-07-21 22:51:16,DOWN
2016-07-21 22:52:31,UP
2016-07-21 23:17:31,DOWN
2016-07-22 16:00:32,UP
2016-07-22 16:04:47,UP
2016-07-22 16:15:32,UP
2016-07-22 16:16:02,DOWN
2016-07-22 16:16:47,UP
2016-07-22 16:25:32,UP
2016-07-22 16:39:32,UP
2016-07-22 16:44:17,DOWN
2016-07-22 17:03:02,DOWN
2016-07-22 17:08:02,DOWN
2016-07-22 17:11:02,UP
2016-07-22 17:14:32,DOWN
2016-07-22 17:48:32,UP
2016-07-22 18:11:17,UP
2016-07-22 18:36:02,UP
2016-07-22 19:11:17,DOWN
2016-07-22 19:16:02,DOWN
2016-07-22 19:54:47,DOWN
2016-07-22 20:09:32,UP
2016-07-22 20:30:47,DOWN
2016-07-22 21:50:02,DOWN
2016-07-22 22:15:02,UP
2016-07-22 22:15:17,DOWN
2016-07-25 16:02:16,UP
2016-07-25 16:02:46,UP
2016-07-25 16:08:01,DOWN
2016-07-25 16:09:16,UP
2016-07-25 16:10:16,DOWN
2016-07-25 16:12:01,DOWN
2016-07-25 16:12:31,DOWN
2016-07-25 16:16:46,UP
2016-07-25 16:18:01,DOWN
2016-07-25 16:21:46,DOWN
2016-07-25 16:27:46,DOWN
2016-07-25 16:51:16,DOWN
2016-07-25 16:53:16,UP
2016-07-25 17:02:46,UP
2016-07-25 17:41:01,UP
2016-07-25 18:01:31,DOWN
2016-07-25 18:14:01,DOWN
2016-07-25 18:37:01,DOWN
2016-07-25 18:37:46,DOWN
2016-07-25 18:40:01,DOWN
2016-07-25 18:46:16,DOWN
2016-07-25 19:16:16,DOWN
2016-07-25 19:43:01,UP
2016-07-25 19:59:01,DOWN
2016-07-25 20:05:01,DOWN
2016-07-25 20:21:31,UP
2016-07-25 20:51:16,DOWN
2016-07-25 21:12:16,DOWN
2016-07-25 21:27:01,DOWN
2016-07-25 21:38:46,UP
2016-07-25 21:49:46,UP
2016-07-25 22:00:01,DOWN
2016-07-25 22:05:16,UP
2016-07-25 22:15:01,UP
2016-07-25 22:39:01,UP
2016-07-25 22:55:31,DOWN
2016-07-25 22:55:46,UP
2016-07-25 22:58:01,DOWN
2016-07-25 22:58:16,UP
2016-07-25 23:10:01,DOWN
2016-07-25 23:47:31,DOWN
2016-07-26 16:05:01,UP
2016-07-26 16:06:16,UP
2016-07-26 16:07:31,UP
2016-07-26 16:09:31,UP
2016-07-26 16:11:46,DOWN
2016-07-26 16:13:01,DOWN
2016-07-26 16:23:31,DOWN
2016-07-26 16:24:46,DOWN
2016-07-26 16:30:16,UP
2016-07-26 16:38:01,UP
2016-07-26 16:40:16,UP
2016-07-26 16:47:01,DOWN
2016-07-26 16:47:46,DOWN
2016-07-26 17:05:01,DOWN
2016-07-26 17:09:16,DOWN
2016-07-26 17:09:46,DOWN
2016-07-26 17:10:16,DOWN
2016-07-26 17:13:16,UP
2016-07-26 17:14:01,DOWN
2016-07-26 17:14:46,DOWN
2016-07-26 17:18:01,UP
2016-07-26 17:25:16,DOWN
2016-07-26 17:31:01,UP
2016-07-26 17:35:31,DOWN
2016-07-26 17:39:01,UP
2016-07-26 17:41:31,DOWN
2016-07-26 17:45:16,UP
2016-07-26 17:58:01,DOWN
2016-07-26 18:05:46,UP
2016-07-26 18:11:01,UP
2016-07-26 18:18:31,UP
2016-07-26 18:25:01,DOWN
2016-07-26 18:48:16,UP
2016-07-26 18:50:46,UP
2016-07-26 19:18:01,DOWN
2016-07-26 19:35:46,DOWN
2016-07-26 19:38:01,DOWN
2016-07-26 20:00:16,DOWN
2016-07-26 20:21:01,DOWN
2016-07-26 20:25:46,DOWN
2016-07-26 20:29:31,DOWN
2016-07-26 20:33:31,UP
2016-07-26 20:35:01,DOWN
2016-07-26 20:42:16,UP
2016-07-26 21:00:01,DOWN
2016-07-26 21:10:01,UP
2016-07-26 21:17:31,UP
2016-07-26 21:22:31,DOWN
2016-07-26 21:31:31,DOWN
2016-07-26 21:34:31,DOWN
2016-07-26 21:37:16,DOWN
2016-07-26 21:40:46,UP
2016-07-26 21:51:01,UP
2016-07-26 21:54:46,UP
2016-07-26 22:15:16,DOWN
2016-07-26 22:18:31,UP
2016-07-26 22:18:46,UP
2016-07-26 22:19:01,DOWN
2016-07-26 22:19:31,DOWN
2016-07-26 22:21:46,DOWN
2016-07-26 22:22:31,DOWN
2016-07-26 22:23:31,DOWN
2016-07-26 22:24:01,DOWN
2016-07-26 22:24:46,UP
2016-07-26 22:29:01,UP
2016-07-26 22:31:16,DOWN
2016-07-26 22:37:31,DOWN
2016-07-26 22:37:46,UP
2016-07-26 22:38:01,DOWN
2016-07-26 22:38:16,UP
2016-07-26 22:38:31,UP
2016-07-26 22:39:46,UP
2016-07-26 22:40:31,UP
2016-07-26 22:40:46,DOWN
2016-07-26 22:41:31,UP
2016-07-26 22:42:16,DOWN
2016-07-26 22:45:16,UP
2016-07-26 22:45:31,UP
2016-07-26 22:45:46,UP
2016-07-26 22:46:01,DOWN
2016-07-26 22:46:31,UP
2016-07-26 22:47:01,DOWN
2016-07-26 22:47:16,UP
2016-07-26 22:47:31,DOWN
2016-07-26 22:47:46,UP
2016-07-26 22:48:01,DOWN
2016-07-26 22:48:16,DOWN
2016-07-26 22:48:31,UP
2016-07-26 22:48:46,DOWN
2016-07-26 22:49:01,UP
2016-07-26 22:49:16,UP
2016-07-26 22:49:46,DOWN
2016-07-26 22:50:31,DOWN
2016-07-26 22:50:46,UP
2016-07-26 22:51:16,UP
2016-07-26 22:51:31,DOWN
2016-07-26 22:51:46,UP
2016-07-26 22:52:01,DOWN
2016-07-26 22:52:16,UP
2016-07-26 22:52:46,UP
2016-07-26 22:53:16,UP
2016-07-26 22:54:46,DOWN
2016-07-26 22:55:16,UP
2016-07-26 22:55:31,UP
2016-07-26 22:55:46,DOWN
2016-07-26 22:56:16,UP
2016-07-26 22:56:46,UP
2016-07-26 22:57:16,UP
2016-07-26 22:58:16,DOWN
2016-07-26 22:58:46,UP
2016-07-26 23:00:01,DOWN
2016-07-26 23:00:31,DOWN
2016-07-26 23:00:46,UP
2016-07-26 23:01:46,UP
2016-07-26 23:05:01,DOWN
2016-07-26 23:07:46,DOWN
2016-07-26 23:08:01,UP
2016-07-26 23:10:31,UP
2016-07-26 23:11:16,UP
2016-07-26 23:15:46,UP
2016-07-26 23:16:46,UP
2016-07-26 23:17:16,DOWN
2016-07-26 23:18:01,UP
2016-07-26 23:18:46,UP
2016-07-26 23:19:01,UP
2016-07-26 23:19:31,UP
2016-07-26 23:23:31,UP
2016-07-26 23:23:46,UP
2016-07-26 23:24:16,DOWN
2016-07-26 23:25:31,UP
2016-07-26 23:26:46,UP
2016-07-26 23:27:01,UP
2016-07-26 23:27:31,UP
2016-07-26 23:28:01,DOWN
2016-07-26 23:30:16,UP
2016-07-26 23:31:01,DOWN
2016-07-26 23:32:31,DOWN
2016-07-26 23:36:46,UP
2016-07-26 23:42:31,UP
2016-07-26 23:46:16,UP
2016-07-26 23:47:16,UP
2016-07-26 23:48:01,UP
2016-07-26 23:51:01,DOWN
2016-07-26 23:53:46,DOWN
2016-07-26 23:54:01,DOWN
2016-07-26 23:56:01,DOWN
2016-07-26 23:57:46,UP
2016-07-27 16:00:31,DOWN
2016-07-27 16:01:31,DOWN
2016-07-27 16:04:01,UP
2016-07-27 16:04:16,DOWN
2016-07-27 16:05:46,DOWN
2016-07-27 16:06:46,UP
2016-07-27 16:07:31,UP
2016-07-27 16:08:01,UP
2016-07-27 16:17:31,UP
2016-07-27 16:24:16,DOWN
2016-07-27 16:25:31,DOWN
2016-07-27 16:27:16,DOWN
2016-07-27 16:34:16,DOWN
2016-07-27 16:39:46,DOWN
2016-07-27 16:47:31,DOWN
2016-07-27 16:51:01,UP
2016-07-27 16:59:46,DOWN
2016-07-27 17:04:31,DOWN
2016-07-27 17:05:31,DOWN
2016-07-27 17:07:01,UP
2016-07-27 17:14:16,DOWN
2016-07-27 17:21:01,DOWN
2016-07-27 17:21:46,UP
2016-07-27 17:23:01,DOWN
2016-07-27 17:23:46,DOWN
2016-07-27 17:26:16,UP
2016-07-27 17:36:01,DOWN
2016-07-27 17:41:46,UP
2016-07-27 17:54:46,DOWN
2016-07-27 18:03:16,UP
2016-07-27 18:19:16,UP
2016-07-27 18:24:16,DOWN
2016-07-27 19:03:46,UP
2016-07-27 19:55:01,DOWN
2016-07-27 20:00:16,UP
2016-07-27 20:02:01,UP
2016-07-27 20:14:31,UP
2016-07-27 20:15:31,DOWN
2016-07-27 20:17:01,UP
2016-07-27 20:17:31,UP
2016-07-27 20:23:46,UP
2016-07-27 20:28:31,DOWN
2016-07-27 20:32:01,UP
2016-07-27 20:33:16,UP
2016-07-27 20:34:31,DOWN
2016-07-27 20:39:16,UP
2016-07-27 20:45:01,DOWN
2016-07-27 20:51:01,UP
2016-07-27 20:55:46,DOWN
2016-07-27 21:02:31,UP
2016-07-27 21:07:46,UP
2016-07-27 21:12:46,DOWN
2016-07-27 21:19:16,UP
2016-07-27 21:47:46,DOWN
2016-07-27 22:01:31,DOWN
2016-07-27 22:03:01,DOWN
2016-07-27 22:13:16,DOWN
2016-07-27 22:14:31,DOWN
2016-07-27 22:15:16,UP
2016-07-27 22:17:01,DOWN
2016-07-27 22:21:01,UP
2016-07-27 22:22:01,UP
2016-07-27 22:22:31,DOWN
2016-07-27 22:55:46,DOWN
2016-07-27 23:26:01,UP
2016-07-28 16:00:31,UP
2016-07-28 16:02:31,UP
2016-07-28 16:04:31,UP
2016-07-28 16:06:31,UP
2016-07-28 16:08:46,UP
2016-07-28 16:10:01,UP
2016-07-28 16:11:16,UP
2016-07-28 16:12:16,DOWN
2016-07-28 16:20:16,DOWN
2016-07-28 16:22:46,UP
2016-07-28 16:23:46,UP
2016-07-28 16:29:16,DOWN
2016-07-28 16:31:16,DOWN
2016-07-28 16:34:16,UP
2016-07-28 16:50:16,DOWN
2016-07-28 16:53:01,DOWN
2016-07-28 16:55:16,UP
2016-07-28 16:59:46,UP
2016-07-28 17:24:16,DOWN
2016-07-28 17:34:16,UP
2016-07-28 17:39:46,DOWN
2016-07-28 17:43:16,DOWN
2016-07-28 17:48:16,DOWN
2016-07-28 17:59:01,UP
2016-07-28 18:02:46,UP
2016-07-28 18:38:46,DOWN
2016-07-28 18:49:31,DOWN
2016-07-28 19:23:16,UP
2016-07-28 20:06:01,UP
2016-07-28 20:14:16,UP
2016-07-28 20:39:46,UP
2016-07-28 21:50:31,UP
2016-07-28 22:01:31,UP
2016-07-28 22:11:31,UP
2016-07-28 22:17:31,DOWN
2016-07-28 22:17:46,UP
2016-07-28 22:24:16,DOWN
2016-07-28 22:35:16,UP
2016-08-02 16:01:31,UP
2016-08-02 16:02:31,DOWN
2016-08-02 16:03:16,DOWN
2016-08-02 16:05:16,UP
2016-08-02 16:06:31,DOWN
2016-08-02 16:08:31,DOWN
2016-08-02 16:09:01,DOWN
2016-08-02 16:10:31,UP
2016-08-02 16:17:01,DOWN
2016-08-02 16:18:16,DOWN
2016-08-02 16:26:31,DOWN
2016-08-02 16:32:01,DOWN
2016-08-02 16:44:01,UP
2016-08-02 16:49:01,UP
2016-08-02 16:50:46,DOWN
2016-08-02 16:52:16,UP
2016-08-02 17:00:01,DOWN
2016-08-02 17:03:31,DOWN
2016-08-02 17:08:16,DOWN
2016-08-02 17:09:16,DOWN
2016-08-02 17:29:46,UP
2016-08-02 17:43:16,DOWN
2016-08-02 17:50:16,DOWN
2016-08-02 17:56:46,DOWN
2016-08-02 18:02:01,UP
2016-08-02 18:05:16,UP
2016-08-02 18:11:31,DOWN
2016-08-02 18:20:46,DOWN
2016-08-02 18:33:16,UP
2016-08-02 18:38:01,UP
2016-08-02 18:46:16,DOWN
2016-08-02 18:54:46,DOWN
2016-08-02 18:57:16,UP
2016-08-02 19:10:16,DOWN
2016-08-02 19:14:16,DOWN
2016-08-02 19:20:01,DOWN
2016-08-02 19:43:16,UP
2016-08-02 19:50:01,UP
2016-08-02 20:06:46,UP
2016-08-02 20:24:16,UP
2016-08-02 20:27:16,UP
2016-08-02 20:31:16,DOWN
2016-08-02 20:35:31,UP
2016-08-02 21:14:16,DOWN
2016-08-02 21:29:46,DOWN
2016-08-02 21:39:01,UP
2016-08-02 21:47:31,DOWN
2016-08-02 21:52:16,UP
2016-08-02 21:57:01,DOWN
2016-08-02 22:01:16,UP
2016-08-02 22:11:46,DOWN
2016-08-02 22:17:01,UP
2016-08-02 22:23:46,DOWN
