2016-06-10 21:39:00,UP
2016-06-10 21:49:30,UP
2016-06-10 22:15:00,UP
2016-06-10 22:15:30,UP
2016-06-10 22:15:45,UP
2016-06-10 22:16:00,DOWN
2016-06-10 22:17:30,DOWN
2016-06-10 22:25:45,UP
2016-06-10 22:26:15,DOWN
2016-06-10 22:37:00,UP
2016-06-10 22:37:15,DOWN
2016-06-10 22:57:45,UP
2016-06-13 16:30:00,DOWN
2016-06-13 16:45:15,DOWN
2016-06-13 16:59:15,DOWN
2016-06-13 17:12:00,DOWN
2016-06-13 17:13:15,DOWN
2016-06-13 17:28:45,UP
2016-06-13 17:43:15,UP
2016-06-13 17:51:00,DOWN
2016-06-13 18:06:15,DOWN
2016-06-13 18:06:45,UP
2016-06-13 18:08:15,DOWN
2016-06-13 18:08:30,UP
2016-06-13 18:10:00,DOWN
2016-06-13 18:11:45,UP
2016-06-13 20:25:00,DOWN
2016-06-13 20:26:15,UP
2016-06-13 22:12:15,DOWN
2016-06-13 22:13:45,UP
2016-06-13 22:15:45,UP
2016-06-13 22:16:00,UP
2016-06-13 22:17:45,DOWN
2016-06-13 22:31:15,UP
2016-06-13 22:32:00,DOWN
2016-06-13 22:49:15,UP
2016-06-13 22:50:15,DOWN
2016-06-13 23:01:00,UP
2016-06-14 16:02:00,UP
2016-06-14 16:02:15,UP
2016-06-14 16:08:30,UP
2016-06-14 16:08:45,UP
2016-06-14 16:25:30,UP
2016-06-14 16:26:00,UP
2016-06-14 16:27:45,DOWN
2016-06-14 16:28:00,DOWN
2016-06-14 16:30:00,DOWN
2016-06-14 16:31:30,DOWN
2016-06-14 16:43:15,UP
2016-06-14 16:44:30,UP
2016-06-14 16:47:30,UP
2016-06-14 16:47:45,DOWN
2016-06-14 16:51:00,UP
2016-06-14 16:53:00,DOWN
2016-06-14 17:07:30,UP
2016-06-14 17:09:00,DOWN
2016-06-14 17:12:15,DOWN
2016-06-14 17:35:00,UP
2016-06-14 17:37:30,DOWN
2016-06-14 17:40:45,UP
2016-06-14 17:52:45,UP
2016-06-14 17:53:00,DOWN
2016-06-14 18:22:45,DOWN
2016-06-14 21:34:00,UP
2016-06-14 21:38:45,DOWN
2016-06-14 22:04:30,UP
2016-06-14 22:04:45,DOWN
2016-06-14 22:05:15,UP
2016-06-14 22:10:00,DOWN
2016-06-14 22:15:30,UP
2016-06-14 22:15:45,UP
2016-06-14 22:17:45,DOWN
2016-06-15 16:00:01,UP
2016-06-15 16:04:15,DOWN
2016-06-15 16:04:30,DOWN
2016-06-15 16:34:15,DOWN
2016-06-15 16:35:45,UP
2016-06-15 16:38:45,DOWN
2016-06-15 17:21:30,UP
2016-06-15 17:22:00,DOWN
2016-06-15 17:38:15,UP
2016-06-15 17:38:45,DOWN
2016-06-15 17:54:15,UP
2016-06-15 17:55:45,UP
2016-06-15 17:56:15,DOWN
2016-06-15 18:29:30,UP
2016-06-15 18:30:45,DOWN
2016-06-15 21:13:30,UP
2016-06-15 21:15:15,UP
2016-06-15 22:03:00,DOWN
2016-06-15 22:05:15,DOWN
2016-06-15 22:12:30,DOWN
2016-06-15 22:13:00,UP
2016-06-15 22:15:15,UP
2016-06-15 22:15:45,UP
2016-06-15 22:17:45,DOWN
2016-06-17 16:06:02,DOWN
2016-06-17 16:30:17,DOWN
2016-06-17 21:38:47,DOWN
2016-06-17 21:54:02,DOWN
2016-06-17 22:07:32,DOWN
2016-06-17 22:25:17,UP
2016-06-17 22:43:17,UP
2016-06-20 16:10:01,DOWN
2016-06-20 16:19:01,UP
2016-06-20 16:21:01,UP
2016-06-20 16:27:16,DOWN
2016-06-20 16:39:31,UP
2016-06-20 16:42:31,UP
2016-06-20 17:17:31,DOWN
2016-06-20 17:57:16,UP
2016-06-20 20:24:46,DOWN
2016-06-20 20:36:01,UP
2016-06-20 20:46:16,UP
2016-06-20 22:05:16,UP
2016-06-20 22:06:01,DOWN
2016-06-20 22:06:16,DOWN
2016-06-20 22:07:01,UP
2016-06-20 22:09:16,DOWN
2016-06-20 22:15:46,UP
2016-06-20 22:17:31,DOWN
2016-06-22 16:04:31,DOWN
2016-06-22 16:08:01,UP
2016-06-22 16:09:31,UP
2016-06-22 16:13:46,DOWN
2016-06-22 16:39:46,DOWN
2016-06-22 16:49:46,DOWN
2016-06-22 17:03:16,UP
2016-06-22 17:12:01,DOWN
2016-06-22 17:32:01,DOWN
2016-06-22 18:18:16,DOWN
2016-06-22 18:23:01,DOWN
2016-06-22 18:57:31,UP
2016-06-22 19:43:16,UP
2016-06-22 19:43:46,DOWN
2016-06-22 20:31:16,DOWN
2016-06-22 20:46:16,DOWN
2016-06-22 21:46:01,DOWN
2016-06-22 21:46:16,DOWN
2016-06-22 21:47:01,DOWN
2016-06-22 21:47:31,DOWN
2016-06-22 21:48:16,UP
2016-06-22 22:02:16,UP
2016-06-22 22:02:31,DOWN
2016-06-22 22:09:01,UP
2016-06-22 22:09:16,DOWN
2016-06-22 22:09:31,DOWN
2016-06-22 22:15:01,UP
2016-06-22 22:15:46,UP
2016-06-22 22:17:46,DOWN
2016-06-27 16:04:46,DOWN
2016-06-27 16:08:16,DOWN
2016-06-27 16:19:01,UP
2016-06-27 17:05:46,DOWN
2016-06-27 17:21:16,UP
2016-06-27 17:35:46,UP
2016-06-27 17:40:16,DOWN
2016-06-27 17:55:16,UP
2016-06-27 18:02:16,DOWN
2016-06-27 18:41:01,UP
2016-06-27 19:01:01,DOWN
2016-06-27 19:05:31,DOWN
2016-06-27 19:06:01,UP
2016-06-27 19:21:01,DOWN
2016-06-27 19:30:01,DOWN
2016-06-27 19:33:46,UP
2016-06-27 19:34:01,DOWN
2016-06-27 19:48:46,UP
2016-06-27 19:49:16,DOWN
2016-06-27 20:06:01,UP
2016-06-27 20:06:16,UP
2016-06-27 21:30:01,UP
2016-06-27 22:15:31,UP
2016-06-27 22:16:16,DOWN
2016-06-27 22:17:01,UP
2016-06-27 22:17:46,DOWN
2016-06-27 22:36:01,UP
2016-06-28 16:11:47,UP
2016-06-28 16:16:32,DOWN
2016-06-28 17:02:17,DOWN
2016-06-28 17:36:32,UP
2016-06-28 17:37:02,UP
2016-06-28 17:37:32,UP
2016-06-28 17:51:32,DOWN
2016-06-28 21:41:32,DOWN
2016-06-28 22:05:17,DOWN
2016-06-28 22:15:02,UP
2016-06-28 22:15:17,UP
2016-06-29 16:08:48,UP
2016-06-29 16:12:03,DOWN
2016-06-29 16:12:33,UP
2016-06-29 16:25:03,DOWN
2016-06-29 16:29:03,DOWN
2016-06-29 16:29:18,UP
2016-06-29 16:30:03,DOWN
2016-06-29 17:26:18,DOWN
2016-06-29 20:51:18,DOWN
2016-06-29 21:04:03,UP
2016-06-29 22:08:33,DOWN
2016-06-29 22:39:48,UP
2016-06-29 22:40:18,DOWN
2016-07-01 16:04:46,DOWN
2016-07-01 18:31:01,UP
2016-07-01 18:31:16,DOWN
2016-07-01 19:01:31,DOWN
2016-07-01 19:52:16,UP
2016-07-01 19:52:31,DOWN
2016-07-01 20:02:31,UP
2016-07-01 20:18:31,DOWN
2016-07-01 20:18:46,UP
2016-07-01 21:40:46,DOWN
2016-07-01 22:08:46,DOWN
2016-07-01 22:14:46,UP
2016-07-01 22:21:01,UP
2016-07-01 22:21:16,DOWN
2016-07-01 22:22:01,UP
2016-07-01 22:33:01,UP
2016-07-01 22:33:46,DOWN
2016-07-01 23:00:16,UP
2016-07-05 16:00:16,DOWN
2016-07-05 16:10:46,UP
2016-07-05 16:12:46,UP
2016-07-05 16:20:16,DOWN
2016-07-05 16:42:16,DOWN
2016-07-05 17:32:01,UP
2016-07-05 17:32:16,UP
2016-07-05 17:36:16,DOWN
2016-07-05 18:08:31,DOWN
2016-07-05 18:22:31,DOWN
2016-07-05 18:22:46,UP
2016-07-05 19:03:01,DOWN
2016-07-05 19:10:01,DOWN
2016-07-05 22:17:31,UP
2016-07-05 22:22:46,UP
2016-07-05 23:01:01,UP
2016-07-06 18:04:46,DOWN
2016-07-06 19:05:31,UP
2016-07-06 20:07:46,DOWN
2016-07-06 20:08:31,UP
2016-07-06 20:59:31,DOWN
2016-07-06 22:02:31,DOWN
2016-07-06 22:05:31,UP
2016-07-06 22:06:16,DOWN
2016-07-06 22:15:01,UP
2016-07-06 22:22:46,UP
2016-07-06 22:38:31,UP
2016-07-06 22:39:31,DOWN
2016-07-06 22:40:01,UP
2016-07-06 22:41:01,DOWN
2016-07-06 22:42:16,UP
2016-07-06 22:43:16,DOWN
2016-07-06 22:45:01,UP
2016-07-06 22:46:01,DOWN
2016-07-06 23:01:01,UP
2016-07-18 16:26:01,DOWN
2016-07-18 16:29:01,DOWN
2016-07-18 16:32:16,UP
2016-07-18 16:34:31,UP
2016-07-18 16:35:46,DOWN
2016-07-18 16:38:16,DOWN
2016-07-18 16:39:46,UP
2016-07-18 16:41:46,DOWN
2016-07-18 16:42:01,DOWN
2016-07-18 16:42:16,UP
2016-07-18 16:46:01,UP
2016-07-18 16:51:31,UP
2016-07-21 16:01:16,UP
2016-07-21 16:01:31,DOWN
2016-07-21 16:02:01,UP
2016-07-21 16:02:16,DOWN
2016-07-21 16:08:46,UP
2016-07-21 16:09:16,DOWN
2016-07-21 16:11:01,UP
2016-07-21 16:13:16,UP
2016-07-21 16:15:16,DOWN
2016-07-21 16:19:01,DOWN
2016-07-21 16:19:16,DOWN
2016-07-21 16:21:46,UP
2016-07-21 16:24:01,UP
2016-07-21 16:26:31,DOWN
2016-07-21 16:27:16,UP
2016-07-21 16:34:01,UP
2016-07-21 16:35:01,UP
2016-07-21 16:37:46,UP
2016-07-21 16:42:01,DOWN
2016-07-21 16:42:46,DOWN
2016-07-21 16:48:16,UP
2016-07-21 16:50:46,UP
2016-07-21 16:55:31,DOWN
2016-07-21 16:57:46,DOWN
2016-07-21 17:03:01,DOWN
2016-07-21 17:13:46,UP
2016-07-21 17:15:01,UP
2016-07-21 17:15:16,DOWN
2016-07-21 17:19:31,UP
2016-07-21 17:23:46,DOWN
2016-07-21 17:24:01,UP
2016-07-21 17:29:01,UP
2016-07-21 17:30:01,UP
2016-07-21 17:32:31,DOWN
2016-07-21 17:33:01,UP
2016-07-21 17:41:46,DOWN
2016-07-21 17:47:46,UP
2016-07-21 17:48:01,DOWN
2016-07-21 17:52:31,UP
2016-07-21 17:58:46,UP
2016-07-21 18:02:01,DOWN
2016-07-21 18:09:16,DOWN
2016-07-21 18:09:46,DOWN
2016-07-21 18:11:16,UP
2016-07-21 18:35:46,DOWN
2016-07-21 18:37:16,DOWN
2016-07-21 18:45:01,DOWN
2016-07-21 18:49:31,DOWN
2016-07-21 18:55:31,UP
2016-07-21 18:56:16,UP
2016-07-21 19:08:16,DOWN
2016-07-21 19:11:46,UP
2016-07-21 19:19:46,DOWN
2016-07-21 19:20:01,UP
2016-07-21 19:25:16,UP
2016-07-21 19:27:01,DOWN
2016-07-21 19:30:01,DOWN
2016-07-21 19:36:01,UP
2016-07-21 19:36:31,UP
2016-07-21 19:45:16,DOWN
2016-07-21 19:46:16,DOWN
2016-07-21 19:46:31,UP
2016-07-21 19:47:46,UP
2016-07-21 19:48:16,DOWN
2016-07-21 19:49:01,UP
2016-07-21 19:49:31,DOWN
2016-07-21 19:49:46,DOWN
2016-07-21 19:52:16,UP
2016-07-21 19:53:16,UP
2016-07-21 19:53:31,UP
2016-07-21 19:57:31,DOWN
2016-07-21 19:57:46,UP
2016-07-21 20:04:16,UP
2016-07-21 20:06:46,DOWN
2016-07-21 20:09:01,DOWN
2016-07-21 20:11:01,DOWN
2016-07-21 20:11:31,UP
2016-07-21 20:11:46,UP
2016-07-21 20:19:46,DOWN
2016-07-21 20:20:01,DOWN
2016-07-21 20:20:46,DOWN
2016-07-21 20:26:46,UP
2016-07-21 20:27:01,DOWN
2016-07-21 20:27:46,UP
2016-07-21 20:29:46,DOWN
2016-07-21 20:30:01,UP
2016-07-21 20:30:16,DOWN
2016-07-21 20:42:16,DOWN
2016-07-21 20:47:31,DOWN
2016-07-21 20:53:31,DOWN
2016-07-21 20:54:16,UP
2016-07-21 21:03:01,DOWN
2016-07-21 21:30:16,UP
2016-07-21 21:31:01,DOWN
2016-07-21 22:06:16,DOWN
2016-07-21 22:07:46,DOWN
2016-07-21 22:08:01,UP
2016-07-21 22:08:16,DOWN
2016-07-21 22:11:31,DOWN
2016-07-21 22:14:31,DOWN
2016-07-21 22:16:16,UP
2016-07-21 22:16:46,UP
2016-07-21 22:17:46,DOWN
2016-07-21 22:26:31,UP
2016-07-22 16:01:47,UP
2016-07-22 16:04:47,DOWN
2016-07-22 16:06:02,DOWN
2016-07-22 16:06:17,DOWN
2016-07-22 16:17:32,DOWN
2016-07-22 16:20:47,UP
2016-07-22 16:26:47,UP
2016-07-22 16:30:32,DOWN
2016-07-22 16:31:02,DOWN
2016-07-22 16:34:32,DOWN
2016-07-22 16:44:17,DOWN
2016-07-22 16:44:32,UP
2016-07-22 16:44:47,DOWN
2016-07-22 16:51:02,UP
2016-07-22 16:54:02,DOWN
2016-07-22 16:56:47,UP
2016-07-22 17:04:02,DOWN
2016-07-22 18:04:47,DOWN
2016-07-22 18:46:17,DOWN
2016-07-22 19:15:47,DOWN
2016-07-22 19:48:17,UP
2016-07-22 19:49:47,DOWN
2016-07-22 19:52:17,UP
2016-07-22 19:52:32,UP
2016-07-22 19:53:17,UP
2016-07-22 19:59:47,UP
2016-07-22 20:00:17,UP
2016-07-22 20:01:02,DOWN
2016-07-22 20:01:17,UP
2016-07-22 20:01:32,UP
2016-07-22 20:06:32,DOWN
2016-07-22 20:20:47,DOWN
2016-07-22 20:24:02,DOWN
2016-07-22 20:27:17,DOWN
2016-07-22 22:14:02,DOWN
2016-07-22 22:16:17,UP
2016-07-22 22:16:32,UP
2016-07-22 22:17:47,DOWN
2016-07-25 16:05:46,DOWN
2016-07-25 16:43:01,DOWN
2016-07-25 16:43:31,DOWN
2016-07-25 17:13:16,DOWN
2016-07-25 17:17:31,DOWN
2016-07-25 17:39:16,DOWN
2016-07-25 17:54:31,UP
2016-07-25 17:55:46,UP
2016-07-25 17:56:01,UP
2016-07-25 17:57:31,DOWN
2016-07-25 18:06:46,UP
2016-07-25 18:29:31,DOWN
2016-07-25 18:48:01,DOWN
2016-07-25 20:02:46,DOWN
2016-07-25 20:13:01,UP
2016-07-25 20:22:46,DOWN
2016-07-25 20:24:16,UP
2016-07-25 20:24:46,DOWN
2016-07-25 20:32:01,UP
2016-07-25 21:46:46,DOWN
2016-07-25 22:12:16,UP
2016-07-25 22:15:01,DOWN
2016-07-25 22:16:01,UP
2016-07-25 22:17:01,DOWN
2016-07-25 22:17:31,DOWN
2016-07-25 22:18:01,UP
2016-07-25 22:18:31,DOWN
2016-07-25 22:36:31,UP
2016-07-25 22:37:16,DOWN
2016-07-25 22:56:16,UP
2016-07-26 16:06:01,UP
2016-07-26 16:36:01,DOWN
2016-07-26 17:13:31,DOWN
2016-07-26 18:11:31,UP
2016-07-26 18:40:16,DOWN
2016-07-26 19:06:16,UP
2016-07-26 19:07:31,UP
2016-07-26 19:12:31,UP
2016-07-26 19:23:31,DOWN
2016-07-26 20:21:01,UP
2016-07-26 20:24:31,DOWN
2016-07-26 20:45:46,DOWN
2016-07-26 21:22:01,DOWN
2016-07-26 21:49:31,DOWN
2016-07-26 21:51:01,UP
2016-07-26 21:58:46,DOWN
2016-07-26 21:59:01,UP
2016-07-26 21:59:16,DOWN
2016-07-26 22:03:01,UP
2016-07-26 22:06:46,UP
2016-07-26 22:13:16,UP
2016-07-26 22:14:31,UP
2016-07-26 22:15:01,UP
2016-07-26 22:16:16,UP
2016-07-26 22:17:31,DOWN
2016-07-26 22:18:31,UP
2016-07-27 16:12:31,DOWN
2016-07-27 16:20:46,DOWN
2016-07-27 16:45:01,UP
2016-07-27 17:00:16,UP
2016-07-27 17:03:31,UP
2016-07-27 18:21:31,DOWN
2016-07-27 18:32:31,DOWN
2016-07-27 20:20:16,DOWN
2016-07-27 20:51:31,DOWN
2016-07-27 21:38:16,DOWN
2016-07-27 22:05:46,DOWN
2016-07-27 22:07:46,UP
2016-07-27 22:09:46,DOWN
2016-07-27 22:10:01,UP
2016-07-27 22:10:16,DOWN
2016-07-27 22:13:01,DOWN
2016-07-27 22:13:16,UP
2016-07-27 22:15:01,UP
2016-07-27 22:15:16,UP
2016-07-27 22:17:31,DOWN
2016-07-27 23:45:01,UP
2016-07-28 16:00:31,DOWN
2016-07-28 16:02:46,UP
2016-07-28 16:16:16,DOWN
2016-07-28 16:45:31,DOWN
2016-07-28 16:51:46,DOWN
2016-07-28 16:52:01,DOWN
2016-07-28 17:08:16,UP
2016-07-28 17:11:31,UP
2016-07-28 17:26:31,UP
2016-07-28 17:54:31,DOWN
2016-07-28 18:03:01,UP
2016-07-28 18:35:01,DOWN
2016-07-28 18:40:46,UP
2016-07-28 18:42:01,DOWN
2016-07-28 19:12:01,UP
2016-07-28 20:12:16,DOWN
2016-07-28 20:21:01,DOWN
2016-07-28 20:23:01,DOWN
2016-07-28 20:23:16,UP
2016-07-28 20:35:01,DOWN
2016-07-28 20:39:01,UP
2016-07-28 20:48:01,DOWN
2016-07-28 20:50:01,DOWN
2016-07-28 20:51:46,UP
2016-07-28 20:52:31,UP
2016-07-28 20:54:16,DOWN
2016-07-28 20:56:01,UP
2016-07-28 21:23:01,DOWN
2016-07-28 21:24:46,DOWN
2016-07-28 21:25:31,DOWN
2016-07-28 21:28:46,UP
2016-07-28 21:32:46,UP
2016-07-28 21:33:01,UP
2016-07-28 21:34:16,DOWN
2016-07-28 21:36:16,UP
2016-07-28 21:38:31,DOWN
2016-07-28 21:38:46,DOWN
2016-07-28 21:39:16,UP
2016-07-28 21:39:31,UP
2016-07-28 21:41:16,DOWN
2016-07-28 21:44:31,DOWN
2016-07-28 21:44:46,UP
2016-07-28 21:46:16,DOWN
2016-07-28 21:47:46,UP
2016-07-28 21:49:31,DOWN
2016-07-28 21:50:31,DOWN
2016-07-28 21:55:01,DOWN
2016-07-28 21:55:16,DOWN
2016-07-28 21:56:16,UP
2016-07-28 22:00:01,UP
2016-07-28 22:01:16,DOWN
2016-07-28 22:02:16,DOWN
2016-07-28 22:02:46,UP
2016-07-28 22:03:16,DOWN
2016-07-28 22:03:46,UP
2016-07-28 22:05:01,UP
2016-07-28 22:05:16,DOWN
2016-07-28 22:06:01,DOWN
2016-07-28 22:08:31,DOWN
2016-07-28 22:08:46,UP
2016-07-28 22:14:31,UP
2016-07-28 22:15:01,DOWN
2016-07-28 22:15:16,DOWN
2016-07-28 22:17:16,UP
2016-07-28 22:17:46,DOWN
2016-08-02 16:01:16,DOWN
2016-08-02 16:47:46,DOWN
2016-08-02 16:48:16,DOWN
2016-08-02 16:51:01,UP
2016-08-02 16:54:31,UP
2016-08-02 17:01:46,DOWN
2016-08-02 17:07:46,UP
2016-08-02 17:12:46,UP
2016-08-02 17:13:01,DOWN
2016-08-02 17:19:01,UP
2016-08-02 17:32:46,DOWN
2016-08-02 17:34:46,DOWN
2016-08-02 17:39:16,DOWN
2016-08-02 17:40:46,DOWN
2016-08-02 17:48:46,UP
2016-08-02 17:49:01,DOWN
2016-08-02 17:51:46,DOWN
2016-08-02 17:59:31,DOWN
2016-08-02 18:55:16,UP
2016-08-02 19:29:31,DOWN
2016-08-02 19:48:31,UP
2016-08-02 20:34:01,UP
2016-08-02 20:58:31,DOWN
2016-08-02 22:02:31,UP
2016-08-02 22:15:01,UP
2016-08-02 22:15:46,DOWN
2016-08-02 22:16:01,UP
2016-08-02 22:17:31,DOWN
2016-08-02 22:24:01,UP
2016-08-15 16:06:01,DOWN
2016-08-15 16:06:31,DOWN
2016-08-15 16:18:31,UP
2016-08-15 16:18:46,DOWN
2016-08-15 16:21:16,UP
2016-08-15 16:46:01,UP
2016-08-15 16:48:16,DOWN
2016-08-15 18:54:46,DOWN
2016-08-15 19:06:31,DOWN
2016-08-15 19:07:16,UP
2016-08-15 21:06:01,DOWN
2016-08-15 22:16:01,UP
2016-08-15 22:17:31,DOWN
2016-08-15 22:19:31,UP
2016-08-15 22:56:16,DOWN
2016-08-15 22:57:16,UP
2016-08-16 16:22:16,DOWN
2016-08-16 16:22:46,UP
2016-08-16 16:28:16,UP
2016-08-16 16:42:01,DOWN
2016-08-26 16:04:01,DOWN
2016-08-26 16:14:16,DOWN
2016-08-26 16:27:16,UP
2016-08-26 16:27:31,DOWN
2016-08-26 16:53:01,DOWN
2016-08-26 18:45:16,UP
2016-08-26 19:00:01,DOWN
2016-08-26 19:02:01,UP
2016-08-26 19:23:16,DOWN
2016-08-26 19:42:01,DOWN
2016-08-26 20:05:46,DOWN
2016-08-26 20:08:31,DOWN
2016-08-26 20:19:01,UP
2016-08-26 20:43:01,DOWN
2016-08-26 20:44:46,DOWN
2016-08-26 20:46:46,DOWN
2016-08-26 20:52:46,UP
2016-08-26 20:53:31,DOWN
2016-08-26 20:56:31,UP
2016-08-26 20:57:31,DOWN
2016-08-26 20:59:46,UP
2016-08-26 21:02:46,DOWN
2016-08-26 21:05:46,UP
2016-08-26 21:08:01,DOWN
2016-08-26 21:13:01,UP
2016-08-26 22:04:31,DOWN
2016-08-26 22:05:01,UP
2016-08-26 22:05:16,DOWN
2016-08-26 22:05:46,UP
2016-08-26 22:06:16,DOWN
2016-08-26 22:10:31,UP
2016-08-26 22:13:31,UP
2016-08-26 22:13:46,DOWN
2016-08-26 22:14:16,UP
2016-08-26 22:14:31,DOWN
2016-08-26 22:14:46,DOWN
2016-08-26 22:15:16,UP
2016-08-26 22:15:31,DOWN
2016-08-26 22:17:46,DOWN
2016-08-26 22:31:01,UP
2016-08-26 22:33:31,DOWN
2016-08-26 22:49:46,DOWN
2016-08-26 23:01:01,UP
2016-08-27 16:00:02,UP
2016-09-01 16:00:46,UP
2016-09-01 16:01:31,UP
2016-09-01 16:02:01,UP
2016-09-01 16:03:46,DOWN
2016-09-01 16:04:31,DOWN
2016-09-01 16:05:01,DOWN
2016-09-01 16:05:16,DOWN
2016-09-01 16:05:46,DOWN
2016-09-01 16:06:01,DOWN
2016-09-01 16:06:31,DOWN
2016-09-01 16:08:16,DOWN
2016-09-01 16:08:31,UP
2016-09-01 16:08:46,DOWN
2016-09-01 16:09:46,DOWN
2016-09-01 16:10:01,DOWN
2016-09-01 16:10:16,DOWN
2016-09-01 16:10:31,UP
2016-09-01 16:10:46,DOWN
2016-09-01 16:14:46,DOWN
2016-09-01 16:15:01,DOWN
2016-09-01 16:16:01,UP
2016-09-01 16:16:46,DOWN
2016-09-01 16:17:01,UP
2016-09-01 16:18:01,DOWN
2016-09-01 16:18:46,UP
2016-09-01 16:22:31,DOWN
2016-09-01 16:24:01,UP
2016-09-01 16:26:01,UP
2016-09-01 16:27:46,DOWN
2016-09-01 16:28:31,UP
2016-09-01 16:28:46,DOWN
2016-09-01 16:29:31,DOWN
2016-09-01 16:30:01,UP
2016-09-01 16:32:16,UP
2016-09-01 16:34:16,DOWN
2016-09-01 16:34:46,DOWN
2016-09-01 16:35:01,UP
2016-09-01 16:36:01,DOWN
2016-09-01 16:36:46,DOWN
2016-09-01 16:39:46,DOWN
2016-09-01 16:41:16,DOWN
2016-09-01 16:41:46,UP
2016-09-01 16:43:31,UP
2016-09-01 16:45:16,DOWN
2016-09-01 16:48:46,UP
2016-09-01 16:49:31,DOWN
2016-09-01 16:49:46,DOWN
2016-09-01 16:50:01,UP
2016-09-01 16:51:16,DOWN
2016-09-01 16:51:31,UP
2016-09-01 16:54:01,UP
2016-09-01 17:06:46,DOWN
2016-09-01 17:10:01,DOWN
2016-09-01 17:10:31,DOWN
2016-09-01 17:11:46,DOWN
2016-09-01 17:12:16,DOWN
2016-09-01 17:14:16,UP
2016-09-01 17:19:46,DOWN
2016-09-01 17:21:16,UP
2016-09-01 17:22:01,DOWN
2016-09-01 17:22:46,UP
2016-09-01 17:30:31,DOWN
2016-09-01 17:39:16,UP
2016-09-01 17:39:31,UP
2016-09-01 17:42:31,UP
2016-09-01 17:43:31,DOWN
2016-09-01 17:48:01,UP
2016-09-01 17:49:16,DOWN
2016-09-01 18:02:01,UP
2016-09-01 18:03:31,UP
2016-09-01 18:10:01,DOWN
2016-09-01 18:29:31,DOWN
2016-09-01 18:31:01,UP
2016-09-01 18:46:01,DOWN
2016-09-01 18:46:16,DOWN
2016-09-01 18:59:01,DOWN
2016-09-01 19:02:01,DOWN
2016-09-01 19:06:46,UP
2016-09-01 19:14:01,UP
2016-09-01 19:17:16,DOWN
2016-09-01 19:29:31,UP
2016-09-01 19:29:46,UP
2016-09-01 19:33:46,DOWN
2016-09-01 19:36:01,DOWN
2016-09-01 19:36:31,UP
2016-09-01 19:39:46,DOWN
2016-09-01 19:40:01,UP
2016-09-01 19:40:46,DOWN
2016-09-01 19:45:01,DOWN
2016-09-01 19:47:16,DOWN
2016-09-01 19:48:01,DOWN
2016-09-01 20:04:01,UP
2016-09-01 20:31:16,UP
2016-09-01 20:38:31,UP
2016-09-01 20:42:31,DOWN
2016-09-01 20:45:01,UP
2016-09-01 20:59:31,UP
2016-09-01 21:03:46,DOWN
2016-09-01 21:05:31,UP
2016-09-01 21:09:46,DOWN
2016-09-01 21:10:16,DOWN
2016-09-01 21:12:16,UP
2016-09-01 21:21:31,DOWN
2016-09-01 21:31:46,UP
2016-09-01 21:44:46,DOWN
2016-09-01 21:46:31,UP
2016-09-01 21:46:46,DOWN
2016-09-01 21:47:16,UP
2016-09-01 21:54:31,DOWN
2016-09-01 22:01:01,DOWN
2016-09-01 22:01:31,DOWN
2016-09-01 22:11:16,DOWN
2016-09-01 22:12:46,UP
2016-09-01 22:14:01,UP
2016-09-01 22:15:31,UP
2016-09-01 22:17:31,DOWN
2016-09-01 22:18:31,UP
2016-09-01 22:21:31,DOWN
2016-09-01 22:22:01,DOWN
2016-09-01 22:24:31,UP
2016-09-02 16:11:01,UP
2016-09-02 16:17:31,DOWN
2016-09-02 16:58:31,DOWN
2016-09-02 17:02:46,DOWN
2016-09-02 17:05:31,DOWN
2016-09-02 17:13:01,UP
2016-09-02 17:19:46,DOWN
2016-09-02 17:26:01,DOWN
2016-09-02 17:33:01,UP
2016-09-02 17:33:16,UP
2016-09-02 17:34:16,DOWN
2016-09-02 17:36:01,UP
2016-09-02 18:05:16,DOWN
2016-09-02 18:09:31,DOWN
2016-09-02 18:14:46,DOWN
2016-09-02 18:15:16,DOWN
2016-09-02 18:15:31,DOWN
2016-09-02 18:16:01,DOWN
2016-09-02 18:17:31,DOWN
2016-09-02 18:26:01,UP
2016-09-02 18:28:16,DOWN
2016-09-02 18:35:01,DOWN
2016-09-02 18:38:01,UP
2016-09-02 18:41:16,DOWN
2016-09-02 18:42:16,UP
2016-09-02 18:43:31,UP
2016-09-02 18:44:16,DOWN
2016-09-02 18:45:01,UP
2016-09-02 18:55:01,UP
2016-09-02 19:05:01,UP
2016-09-02 19:05:31,UP
2016-09-02 19:08:46,DOWN
2016-09-02 19:11:16,UP
2016-09-02 19:15:31,UP
2016-09-02 19:20:01,DOWN
2016-09-02 19:20:16,UP
2016-09-02 19:27:31,DOWN
2016-09-02 19:37:16,UP
2016-09-02 20:01:46,UP
2016-09-02 20:08:16,DOWN
2016-09-02 20:24:01,DOWN
2016-09-02 20:27:31,DOWN
2016-09-02 20:36:01,UP
2016-09-02 20:40:31,DOWN
2016-09-02 20:50:31,UP
2016-09-02 21:04:31,UP
2016-09-02 21:04:46,DOWN
2016-09-02 21:18:01,UP
2016-09-02 21:19:31,UP
2016-09-02 21:20:01,UP
2016-09-02 21:57:31,DOWN
2016-09-02 22:12:01,UP
2016-09-02 22:12:46,UP
2016-09-02 22:13:31,DOWN
2016-09-02 22:15:16,UP
2016-09-02 22:17:46,DOWN
2016-09-02 22:18:16,UP
2016-09-02 22:27:31,UP
2016-09-12 16:07:02,DOWN
2016-09-12 16:08:47,DOWN
2016-09-12 16:12:47,UP
2016-09-12 16:13:47,UP
2016-09-12 16:14:17,DOWN
2016-09-12 16:14:47,DOWN
2016-09-12 16:18:47,DOWN
2016-09-12 16:20:17,UP
2016-09-12 16:28:02,UP
2016-09-12 16:28:32,UP
2016-09-12 16:29:02,UP
2016-09-12 16:29:47,DOWN
2016-09-12 16:48:17,DOWN
2016-09-12 16:48:32,DOWN
2016-09-12 16:54:47,UP
2016-09-12 16:55:02,DOWN
2016-09-12 17:02:02,UP
2016-09-12 17:21:02,DOWN
2016-09-12 17:21:17,UP
2016-09-12 17:31:02,DOWN
2016-09-12 17:34:02,UP
2016-09-12 17:41:02,DOWN
2016-09-12 17:55:47,UP
2016-09-12 18:00:47,DOWN
2016-09-12 18:05:17,UP
2016-09-12 18:07:02,DOWN
2016-09-12 18:07:32,DOWN
2016-09-12 18:08:02,UP
2016-09-12 18:08:17,DOWN
2016-09-12 18:09:32,DOWN
2016-09-12 18:21:02,UP
2016-09-12 18:21:17,UP
2016-09-12 18:21:47,UP
2016-09-12 18:22:47,DOWN
2016-09-12 18:27:32,UP
2016-09-12 18:44:17,DOWN
2016-09-12 19:01:02,UP
2016-09-12 19:02:47,DOWN
2016-09-12 19:18:17,DOWN
2016-09-12 19:24:47,UP
2016-09-12 20:52:02,DOWN
2016-09-12 21:03:17,DOWN
2016-09-12 21:08:17,UP
2016-09-12 21:08:32,DOWN
2016-09-12 21:08:47,UP
2016-09-12 21:21:47,UP
2016-09-12 21:24:32,DOWN
2016-09-12 21:25:32,UP
2016-09-12 21:37:47,DOWN
2016-09-12 21:40:02,UP
2016-09-12 21:45:17,DOWN
2016-09-12 21:49:17,DOWN
2016-09-12 21:51:47,DOWN
2016-09-12 21:52:02,UP
2016-09-12 21:58:32,UP
2016-09-12 21:59:17,DOWN
2016-09-12 22:00:47,DOWN
2016-09-12 22:01:17,UP
2016-09-12 22:05:17,DOWN
2016-09-12 22:09:17,UP
2016-09-12 22:12:02,UP
2016-09-12 22:13:02,DOWN
2016-09-12 22:13:32,UP
2016-09-12 22:13:47,UP
2016-09-12 22:14:02,UP
2016-09-12 22:14:32,DOWN
2016-09-12 22:15:02,DOWN
2016-09-12 22:15:17,UP
2016-09-12 22:16:17,UP
2016-09-12 22:16:32,UP
2016-09-12 22:16:47,DOWN
2016-09-12 22:17:32,DOWN
